year,institution,mission group,region,academic services expenditure,degree completion rate,entry tariff,facilities expenditure,good degree rate,graduate prospects,student satisfaction,research quality,research intensity,student to staff ratio,overall score,overall rank
2018,Anglia Ruskin,Non-member,East of England,1151,78.9,257,460,69.4,56.3,4.15,2.37,0.27,17.8,506,118
2019,Anglia Ruskin,Non-member,East of England,1066,79.1,105,424,71.3,67.6,4.1,2.37,0.27,18.2,439,116
2020,Anglia Ruskin,Non-member,East of England,1000,78.1,110,408,74,68.1,4.08,2.37,0.27,18.5,510,118
2021,Anglia Ruskin,Non-member,East of England,1064,78.2,109,420,75.6,68.1,4.09,2.37,0.27,17.7,465,113
2022,Anglia Ruskin,Non-member,East of England,20,79.8,108,1064,420,72.8,4.05,2.37,0.27,77.2,443,117
2023,Anglia Ruskin,Non-member,East of England,19.4,78.2,109,1267,480,68.9,3.92,2.81,0.24,76.2,454,114
2018,Bath Spa,Non-member,South West,1273,85,306,294,73.2,60.1,4.08,2.52,0.3,18.7,592,90
2019,Bath Spa,Non-member,South West,1255,85.2,122,362,74.6,64.1,4,2.52,0.3,19.9,507,103
2020,Bath Spa,Non-member,South West,1465,86.2,116,421,78.8,66.5,3.96,2.52,0.3,18.7,596,94
2021,Bath Spa,Non-member,South West,1659,84.1,109,506,80.1,66.5,3.89,2.52,0.3,17.2,541,93
2022,Bath Spa,Non-member,South West,18,84.4,105,1659,506,59.8,3.93,2.52,0.3,69.2,475,105
2023,Bath Spa,Non-member,South West,16.6,82.1,124,1674,547,52.4,3.81,2.71,0.46,65.3,515,95
2018,Bournemouth,Non-member,South West,1364,83.9,312,728,77.2,71.2,4,2.72,0.29,16.5,680,57
2019,Bournemouth,Non-member,South West,1378,84.1,123,722,78.9,69.6,3.94,2.72,0.29,17,599,66
2020,Bournemouth,Non-member,South West,1519,85.3,122,742,76.4,68.2,3.95,2.72,0.29,17,649,70
2021,Bournemouth,Non-member,South West,1640,84.2,116,736,78.8,68.2,3.93,2.72,0.29,17.6,574,86
2022,Bournemouth,Non-member,South West,18.6,80.8,111,1640,736,77.5,3.98,2.72,0.29,78.1,584,68
2023,Bournemouth,Non-member,South West,19.2,87,116,1672,718,71.2,3.6,2.77,0.66,72.4,562,72
2018,Brighton,Non-member,South East,931,82.1,305,472,70.5,71.2,4,2.84,0.21,17.4,593,89
2019,Brighton,Non-member,South East,974,85.5,117,483,69.3,68.4,4,2.84,0.21,18.2,494,106
2020,Brighton,Non-member,South East,1039,81.4,117,510,72.2,66.8,3.94,2.84,0.21,18.5,534,114
2021,Brighton,Non-member,South East,1373,80.7,116,542,67.8,66.8,4.01,2.84,0.21,17.5,472,112
2022,Brighton,Non-member,South East,16.7,82.9,110,1373,542,74.6,3.9,2.84,0.21,78.4,545,80
2023,Brighton,Non-member,South East,18.1,86,117,1801,579,70.8,3.62,3.05,0.4,72.1,535,81
2018,Brunel,Non-member,London,1508,88.6,345,631,73.4,70.6,4.06,2.67,0.85,15.8,722,47
2019,Brunel,Non-member,London,1567,87.1,131,669,75.1,72.8,3.99,2.67,0.85,16.4,646,50
2020,Brunel,Non-member,London,1687,86.4,126,579,75.7,70.7,3.88,2.67,0.85,18,651,69
2021,Brunel,Non-member,London,1442,87.5,120,540,75.6,70.7,3.88,2.67,0.85,17.7,576,84
2022,Brunel,Non-member,London,17,87.5,119,1442,540,73.6,3.89,2.67,0.85,77.4,596,62
2023,Brunel,Non-member,London,17.9,89.4,123,1118,495,65.1,3.55,2.88,0.75,72.9,535,81
2018,Buck's New,Non-member,South East,1209,77.1,270,927,55.5,61.2,4.07,2.19,0.09,17.5,474,124
2019,Buck's New,Non-member,South East,1926,76.2,111,429,56.6,62.1,3.97,2.19,0.09,16,383,122
2020,Buck's New,Non-member,South East,2573,79.3,115,190,60.4,67.6,4.1,2.19,0.09,15.8,528,115
2021,Buck's New,Non-member,South East,2472,75.2,104,373,58.2,67.6,4.07,2.19,0.09,16.5,406,124
2022,Buck's New,Non-member,South East,17.4,73.1,104,2472,373,69.5,4.1,2.19,0.09,77.7,477,102
2023,Buck's New,Non-member,South East,15.4,70.6,112,2591,581,63.3,3.92,2.25,0.13,72,479,107
2018,Canterbury,Non-member,South East,1160,83.3,279,377,70,60.4,4.02,2.38,0.23,16.3,547,106
2019,Canterbury,Non-member,South East,1376,79.6,108,412,70.7,63.7,3.98,2.38,0.23,15.2,471,111
2020,Canterbury,Non-member,South East,1485,80.6,108,413,68.8,64.4,3.99,2.38,0.23,14.8,522,117
2021,Canterbury,Non-member,South East,1464,67.3,105,501,66.7,64.4,4.02,2.38,0.23,15.6,395,125
2022,Canterbury,Non-member,South East,16.4,77.2,97,1464,501,68.5,3.94,2.38,0.23,75.4,434,118
2023,Canterbury,Non-member,South East,18.2,83.8,108,1462,550,67,3.76,2.72,0.32,75.3,486,105
2018,Northumbria,Non-member,North East,1266,86.1,369,540,74.6,71.5,4.09,2.71,0.29,17.1,682,55
2019,Northumbria,Non-member,North East,1454,86.3,144,605,77,72.1,4.05,2.71,0.29,16.7,631,56
2020,Northumbria,Non-member,North East,1596,84,143,652,77.3,75.1,4.03,2.71,0.29,16.3,703,50
2021,Northumbria,Non-member,North East,1646,83.8,143,677,78.7,75.1,4.05,2.71,0.29,15.5,661,52
2022,Northumbria,Non-member,North East,15.5,82.6,138,1646,677,74.2,4,2.71,0.29,78.3,631,49
2023,Northumbria,Non-member,North East,15.7,85.3,133,1575,621,71.4,3.73,3.06,0.68,76.1,649,43
2018,City University,Non-member,London,1728,86.7,373,596,73.6,82.9,4.14,2.95,0.53,18,734,42
2019,City University,Non-member,London,1711,87.2,142,594,71.8,68.5,4.01,2.95,0.53,17.9,599,66
2020,City University,Non-member,London,1787,88.6,142,595,73.1,72.9,4.05,2.95,0.53,17.8,680,57
2021,City University,Non-member,London,1920,87.4,137,625,75.6,72.9,4.01,2.95,0.53,17.3,644,57
2022,City University,Non-member,London,17.6,88.1,132,1920,625,75.1,3.84,2.95,0.53,79.6,613,54
2023,City University,Non-member,London,19.4,94.3,133,1882,612,77.7,3.73,3.25,0.56,79.6,667,40
2018,Coventry,Non-member,West Midlands,1431,86.9,331,583,71.3,79.8,4.28,2.67,0.13,14.6,732,43
2019,Coventry,Non-member,West Midlands,1516,86,126,549,73.5,81.1,4.15,2.67,0.13,14.6,659,47
2020,Coventry,Non-member,West Midlands,1643,83.9,126,561,76.1,80.5,4.13,2.67,0.13,14.6,698,53
2021,Coventry,Non-member,West Midlands,1784,81.8,123,616,74.6,80.5,4.08,2.67,0.13,13.9,654,54
2022,Coventry,Non-member,West Midlands,14.2,80.1,115,1784,616,75.5,4.08,2.67,0.13,80.7,621,52
2023,Coventry,Non-member,West Midlands,13.8,80.2,121,1958,611,68.4,3.93,2.9,0.23,73,605,57
2018,De Montfort,Non-member,East Midlands,1348,83.8,282,674,67.3,75.3,4.07,2.67,0.3,19.1,615,82
2019,De Montfort,Non-member,East Midlands,1262,83.7,113,729,71.3,80.4,4.13,2.67,0.3,19.4,583,70
2020,De Montfort,Non-member,East Midlands,1224,84.9,110,775,75.1,83.2,4.13,2.67,0.3,19.9,655,67
2021,De Montfort,Non-member,East Midlands,1306,81.4,110,904,72.5,83.2,4.08,2.67,0.3,19.6,578,81
2022,De Montfort,Non-member,East Midlands,20.2,80.2,105,1306,904,68,3.93,2.67,0.3,73.9,481,101
2023,De Montfort,Non-member,East Midlands,18.5,84.5,108,1350,919,62.2,3.64,2.69,0.39,67.9,471,110
2018,Goldsmiths,Non-member,London,1437,80.1,342,549,81.3,59.8,3.98,2.9,0.85,14.1,703,51
2019,Goldsmiths,Non-member,London,1672,79.2,130,619,83.9,55.2,3.97,2.9,0.85,14.7,610,62
2020,Goldsmiths,Non-member,London,1863,78.5,130,690,81.9,58.1,3.88,2.9,0.85,15.1,640,72
2021,Goldsmiths,Non-member,London,2090,78,123,762,79.6,58.1,3.91,2.9,0.85,14.9,600,68
2022,Goldsmiths,Non-member,London,14.3,79.1,124,2090,762,60.2,3.72,2.9,0.85,70.8,595,63
2023,Goldsmiths,Non-member,London,13.9,77.6,124,2389,859,57.6,3.6,3.11,0.64,66,585,62
2018,Imperial,Member,London,2425,96.1,552,790,88.6,90.3,3.99,3.36,0.92,11.3,925,5
2019,Imperial,Member,London,2582,96.6,219,844,90.2,90.5,4.07,3.36,0.92,11.4,930,4
2020,Imperial,Member,London,2756,96.6,205,846,89.2,90.4,4.02,3.36,0.92,11.4,933,5
2021,Imperial,Member,London,2982,96.8,190,755,92.9,90.4,4.02,3.36,0.92,11.1,915,5
2022,Imperial,Member,London,11.1,97.5,194,2982,755,95.1,3.99,3.36,0.92,86.7,895,5
2023,Imperial,Member,London,11.7,98.8,198,2855,618,92.4,4.05,3.63,0.8,84.6,913,5
2022,Winchester,Non-member,South East,17.4,84.3,108,1239,465,62.5,4.01,2.32,0.3,72.1,471,106
2023,Winchester,Non-member,South East,18.1,87.4,115,1194,452,61.3,3.74,2.53,0.38,68.5,474,109
2018,Winchester,Non-member,South East,1019,88,291,355,76.7,60.9,4.08,2.32,0.3,15.9,603,85
2019,Winchester,Non-member,South East,1113,87.8,113,384,77.6,63.3,4.02,2.32,0.3,16.3,525,91
2020,Winchester,Non-member,South East,1196,86.3,112,423,76.4,64.2,4.04,2.32,0.3,16.4,564,106
2021,Winchester,Non-member,South East,1239,84.2,110,465,74.3,64.2,4.03,2.32,0.3,16.5,488,105
2018,King's College,Member,London,1594,93.7,432,568,85.8,87.7,3.91,3.23,0.8,12,811,21
2019,King's College,Member,London,1706,87.4,172,561,86.4,84.1,,3.23,0.8,12.5,742,26
2020,King's College,Member,London,1891,91.8,171,590,86.7,84.7,3.84,3.23,0.8,12.4,795,25
2021,King's College,Member,London,1984,91.4,171,673,85.6,84.7,3.89,3.23,0.8,11.9,773,20
2022,King's College,Member,London,11.7,91.3,166,1984,673,85.2,3.84,3.23,0.8,85.5,747,21
2023,King's College,Member,London,13.9,95,165,1908,705,82.4,3.75,3.46,0.69,79.9,739,22
2018,Kingston,Non-member,London,1482,82.2,308,574,67.9,64.4,3.96,2.7,0.16,18,561,102
2019,Kingston,Non-member,London,1662,81.2,125,622,70.4,63.7,3.99,2.7,0.16,16,521,95
2020,Kingston,Non-member,London,2031,84.1,123,709,72.5,64.1,4.02,2.7,0.16,16.6,601,93
2021,Kingston,Non-member,London,2027,80.9,116,692,71.3,64.1,4.05,2.7,0.16,16.8,512,100
2022,Kingston,Non-member,London,17.6,82.3,116,2027,692,68.9,4.02,2.7,0.16,74.5,534,85
2023,Kingston,Non-member,London,17,82.9,120,1936,683,65.8,3.87,2.89,0.39,69.6,539,78
2019,Leeds Art,Non-member,Yorkshire and The Humber,919,90.5,165,224,73.8,56.5,4.26,,,12.5,560,81
2020,Leeds Art,Non-member,Yorkshire and The Humber,916,88.7,156,233,79.9,57.1,4.21,,,11.9,596,94
2018,Leeds Beckett,Non-member,Yorkshire and The Humber,1022,75.6,287,518,64.6,65.9,4.04,2.16,0.24,19.9,495,121
2019,Leeds Beckett,Non-member,Yorkshire and The Humber,1139,76,114,505,65.9,62.8,4.01,2.16,0.24,19.4,400,121
2020,Leeds Beckett,Non-member,Yorkshire and The Humber,1343,76.3,112,540,70.3,63.1,4.06,2.16,0.24,19.3,498,121
2021,Leeds Beckett,Non-member,Yorkshire and The Humber,1487,76,106,675,71.3,63.1,4.06,2.16,0.24,19.2,429,118
2022,Leeds Beckett,Non-member,Yorkshire and The Humber,20,77.6,104,1487,675,67.3,4.1,2.16,0.24,73.6,460,110
2023,Leeds Beckett,Non-member,Yorkshire and The Humber,21.7,84.4,113,1470,684,64.4,3.85,2.68,0.36,68.7,485,106
2018,Leeds Trinity,Non-member,Yorkshire and The Humber,1243,86.9,274,382,77.6,70.2,4,2.01,0.17,21.4,532,112
2019,Leeds Trinity,Non-member,Yorkshire and The Humber,1371,83.4,100,430,78.6,68,4.15,2.01,0.17,19.5,482,108
2020,Leeds Trinity,Non-member,Yorkshire and The Humber,1465,82.4,108,481,79.3,67.9,4.11,2.01,0.17,19.9,541,112
2021,Leeds Trinity,Non-member,Yorkshire and The Humber,1483,80.3,101,505,78.7,67.9,3.93,2.01,0.17,21,414,122
2022,Leeds Trinity,Non-member,Yorkshire and The Humber,22.9,81.3,103,1483,505,64,4.04,2.01,0.17,76.3,396,125
2023,Leeds Trinity,Non-member,Yorkshire and The Humber,21.5,72.2,111,1256,386,56.2,3.74,2.11,0.37,66.8,310,128
2018,Liverpool Hope,Non-member,North West,877,78.8,304,1164,63.8,78,4.39,2.21,0.53,15.5,674,59
2019,Liverpool Hope,Non-member,North West,858,80.9,116,1201,65.9,80.5,4.3,2.21,0.53,14.5,637,53
2020,Liverpool Hope,Non-member,North West,866,79.8,118,1207,68,83.7,4.21,2.21,0.53,14.5,674,62
2021,Liverpool Hope,Non-member,North West,884,77.3,116,1268,71.8,83.7,4.11,2.21,0.53,15,624,62
2022,Liverpool Hope,Non-member,North West,14.8,82.6,115,884,1268,58.4,4.11,2.21,0.53,72.6,554,76
2023,Liverpool Hope,Non-member,North West,16.3,83.5,117,811,1182,56.7,3.82,2.52,0.62,73.9,525,89
2018,John Moores,Non-member,North West,1116,83.3,343,328,74.6,66,4.1,2.79,0.26,17.5,627,75
2019,John Moores,Non-member,North West,1205,85.9,141,383,76,72.5,4.12,2.79,0.26,17.3,619,59
2020,John Moores,Non-member,North West,1274,84.7,141,420,73.8,74.7,4.05,2.79,0.26,16.9,661,66
2021,John Moores,Non-member,North West,1332,82.2,144,439,73.7,74.7,4.07,2.79,0.26,16.8,610,66
2022,John Moores,Non-member,North West,17.3,82.7,139,1332,439,66.1,4.06,2.79,0.26,70.9,562,73
2023,John Moores,Non-member,North West,18,85.9,132,1226,405,63.4,3.78,2.82,0.45,69.5,538,80
2018,London Met,Non-member,London,740,72.7,260,694,50.2,58.7,4.07,2.44,0.15,18.1,414,127
2019,London Met,Non-member,London,1007,68.7,101,941,52.3,63.7,4,2.44,0.15,20.4,309,131
2020,London Met,Non-member,London,1734,65.7,99,1048,60.8,69.1,4,2.44,0.15,17.8,473,126
2021,London Met,Non-member,London,2581,64.8,93,1210,60.4,69.1,4.01,2.44,0.15,17.8,429,118
2022,London Met,Non-member,London,18.5,68,95,2581,1210,56.1,4.09,2.44,0.15,67.1,433,119
2023,London Met,Non-member,London,21.4,70.2,96,2314,954,52.9,4.07,2.63,0.2,67.1,388,123
2018,LSE,Member,London,2254,95.4,537,602,86.1,84.4,3.75,3.35,0.85,11.4,952,4
2019,LSE,Member,London,2231,96,200,662,88.8,87.1,3.71,3.35,0.85,11.9,935,3
2020,LSE,Member,London,2107,95.4,189,738,90.5,86.1,3.67,3.35,0.85,11.1,934,4
2021,LSE,Member,London,2051,97.2,168,853,92.2,86.1,3.82,3.35,0.85,11.9,941,4
2022,LSE,Member,London,12.4,96.5,177,2051,853,90.6,3.98,3.35,0.85,83.3,963,3
2023,LSE,Member,London,13.4,97.2,193,1822,805,90.2,3.87,3.53,0.65,78.9,960,3
2018,South Bank,Non-member,London,1611,74.6,269,487,63.9,74.9,3.98,2.52,0.41,17,537,108
2019,South Bank,Non-member,London,1751,77.1,108,408,68.9,81.7,4.02,2.52,0.41,16.5,523,93
2020,South Bank,Non-member,London,1879,77.4,115,338,69.5,87.7,3.95,2.52,0.41,15.6,613,87
2021,South Bank,Non-member,London,1927,76.4,107,263,70.7,87.7,4.08,2.52,0.41,16.3,556,89
2022,South Bank,Non-member,London,16.8,75.3,106,1927,263,69.8,3.99,2.52,0.41,76,464,108
2023,South Bank,Non-member,London,17.5,85.1,107,1696,282,64.8,3.74,2.78,0.23,71.8,443,116
2018,Loughborough,Non-member,East Midlands,1550,93.4,400,1056,80.7,85.1,4.18,2.95,0.88,14.2,883,10
2019,Loughborough,Non-member,East Midlands,1685,92.3,162,1176,84.3,82.2,4.24,2.95,0.88,13.8,883,7
2020,Loughborough,Non-member,East Midlands,1794,92.1,157,1320,83.8,86.8,4.18,2.95,0.88,13.4,905,8
2021,Loughborough,Non-member,East Midlands,1853,93.2,151,1375,84.4,86.8,4.21,2.95,0.88,13.4,902,6
2022,Loughborough,Non-member,East Midlands,13.5,93.4,150,1853,1375,82.6,4.18,2.95,0.88,83,868,7
2023,Loughborough,Non-member,East Midlands,13.8,93.4,155,1981,1395,79.2,4.06,3.3,0.71,77.8,876,7
2018,Manchester Met,Non-member,North West,1389,83.9,346,573,68.9,66.6,4.08,2.74,0.24,15.6,664,62
2019,Manchester Met,Non-member,North West,1781,83,135,663,70.4,69.6,4.03,2.74,0.24,15.3,621,57
2020,Manchester Met,Non-member,North West,1902,83.5,133,711,73.2,71.1,4.02,2.74,0.24,15.5,688,56
2021,Manchester Met,Non-member,North West,2011,85.1,132,762,72.8,71.1,4.07,2.74,0.24,15,654,54
2022,Manchester Met,Non-member,North West,16,85.5,128,2011,762,64.1,4.04,2.74,0.24,71.7,608,56
2023,Manchester Met,Non-member,North West,17.5,87.3,123,2057,731,61.5,3.74,3.11,0.36,67.5,574,67
2018,Middlesex,Non-member,London,2622,77.6,300,471,65.9,70.3,4.04,2.58,0.35,16.6,633,73
2019,Middlesex,Non-member,London,2656,72.8,119,424,67.4,59,4,2.58,0.35,16.6,501,105
2020,Middlesex,Non-member,London,2608,78.9,122,388,67.2,73.5,3.92,2.58,0.35,16.7,606,89
2021,Middlesex,Non-member,London,2544,78.2,115,368,68.7,73.5,3.92,2.58,0.35,17,527,98
2022,Middlesex,Non-member,London,17.5,76.1,104,2544,368,59.1,3.94,2.58,0.35,69,465,107
2023,Middlesex,Non-member,London,17.1,75.6,109,2384,345,55.7,3.79,2.78,0.45,67.3,463,112
2018,Norwich Arts,Non-member,East of England,1437,82,349,124,70.8,57.2,4.04,2.69,0.18,17.1,605,84
2019,Norwich Arts,Non-member,East of England,1638,87.3,143,148,72.8,66.8,4.15,2.69,0.18,15.8,609,64
2020,Norwich Arts,Non-member,East of England,2046,88.6,135,364,71.8,60.5,4.06,2.69,0.18,15,630,76
2021,Norwich Arts,Non-member,East of England,2079,84.1,129,566,70.8,60.5,4.09,2.69,0.18,15.2,579,77
2022,Norwich Arts,Non-member,East of England,15.6,83.6,128,2079,566,53.3,4.07,2.69,0.18,63.2,536,84
2023,Norwich Arts,Non-member,East of England,15.5,86.1,131,1963,700,56.9,3.94,2.96,0.13,65.7,611,54
2018,N'ham Trent,Non-member,East Midlands,1179,87.3,345,777,69.9,72.9,4.18,2.59,0.23,15.8,700,52
2019,N'ham Trent,Non-member,East Midlands,1285,85.8,143,838,71.9,76.4,4.16,2.59,0.23,14.8,682,42
2020,N'ham Trent,Non-member,East Midlands,1364,87.6,134,882,74.4,81.7,4.14,2.59,0.23,14.5,753,38
2021,N'ham Trent,Non-member,East Midlands,1410,86.7,126,921,69.7,81.7,4.12,2.59,0.23,14.8,672,46
2022,N'ham Trent,Non-member,East Midlands,15.3,88.4,120,1410,921,67.5,4.11,2.59,0.23,76.1,640,45
2023,N'ham Trent,Non-member,East Midlands,15.3,89.8,123,1287,782,62.5,3.8,3.1,0.2,69.7,606,56
2018,Oxford Brookes,Non-member,South East,1044,89.7,327,443,73,70.8,4.11,2.66,0.39,16.6,653,66
2019,Oxford Brookes,Non-member,South East,1176,87.8,129,591,74.6,72.1,4.01,2.66,0.39,16.1,599,66
2020,Oxford Brookes,Non-member,South East,1431,89.6,130,771,75.7,77.2,4.03,2.66,0.39,15.1,702,51
2021,Oxford Brookes,Non-member,South East,1524,89.4,122,868,78.8,77.2,3.98,2.66,0.39,14.7,667,48
2022,Oxford Brookes,Non-member,South East,14.2,90.7,115,1524,868,76.2,3.95,2.66,0.39,80.8,626,51
2023,Oxford Brookes,Non-member,South East,14,91,122,1415,789,73.7,3.74,2.87,0.39,77.8,640,45
2018,Queen Margaret,Non-member,Scotland,1155,79.1,339,367,77.8,57.7,4.09,2.65,0.22,18.1,586,92
2019,Queen Margaret,Non-member,Scotland,1254,80.1,144,370,78.7,76.7,3.87,2.65,0.22,18.5,576,75
2020,Queen Margaret,Non-member,Scotland,1344,82,149,396,79,72.9,3.98,2.65,0.22,18.6,652,68
2021,Queen Margaret,Non-member,Scotland,1258,79.3,147,416,79.6,72.9,4.05,2.65,0.22,19.5,580,75
2022,Queen Margaret,Non-member,Scotland,20.8,81.5,153,1258,416,67.9,4.02,2.65,0.22,71.2,526,88
2023,Queen Margaret,Non-member,Scotland,21.9,88.1,161,1040,397,64.5,3.97,2.59,0.37,74.1,519,93
2022,Queen's Belfast,Member,Northern Ireland,14.6,90.9,147,1558,820,82.6,3.94,2.99,0.95,80.7,710,34
2023,Queen's Belfast,Member,Northern Ireland,15.9,95,148,1417,740,81.2,3.87,3.27,0.7,80.1,724,24
2018,Queen's Belfast,Member,Northern Ireland,1378,91.2,389,787,77.9,80.5,4.19,2.99,0.95,15.6,768,36
2019,Queen's Belfast,Member,Northern Ireland,1450,91.2,152,796,80,80,4.05,2.99,0.95,15.8,705,36
2020,Queen's Belfast,Member,Northern Ireland,1485,91.8,150,793,84,82.4,3.97,2.99,0.95,15.9,755,37
2021,Queen's Belfast,Member,Northern Ireland,1558,91.7,151,820,85,82.4,3.97,2.99,0.95,14.6,746,27
2022,Ravensbourne,Non-member,London,22.6,79.7,113,1163,322,70,3.8,,,77.5,333,129
2023,Ravensbourne,Non-member,London,24.6,79,111,1150,309,59.6,3.54,2.2,0.17,71.8,300,130
2018,Robert Gordon,Non-member,Scotland,1133,85,390,323,69.5,77.4,4.03,2.35,0.21,18.1,627,75
2019,Robert Gordon,Non-member,Scotland,1124,85.9,157,323,71,77.5,4.06,2.35,0.21,20.6,546,83
2020,Robert Gordon,Non-member,Scotland,1104,86.9,153,338,69.9,81.1,4.04,2.35,0.21,20.4,616,85
2021,Robert Gordon,Non-member,Scotland,1229,84.5,152,455,72,81.1,4.13,2.35,0.21,18.7,589,72
2022,Robert Gordon,Non-member,Scotland,18.7,84.4,149,1229,455,76.3,4.18,2.35,0.21,81.3,590,65
2023,Robert Gordon,Non-member,Scotland,20.8,86.8,153,1170,481,69.9,4.02,2.54,0.17,76.1,488,103
2018,Royal Agr Coll,Non-member,South West,1868,94.5,289,763,68.9,73.7,3.95,1.4,0.26,21.8,539,107
2019,Royal Agr Coll,Non-member,South West,1773,95.1,122,807,65.8,63.8,3.98,1.4,0.26,21.6,432,117
2020,Royal Agr Coll,Non-member,South West,1831,91.2,118,900,63.5,63.3,3.9,1.4,0.26,20.9,490,123
2021,Royal Agr Coll,Non-member,South West,2017,94.4,121,981,67.6,63.3,4.1,1.4,0.26,19.8,445,114
2022,Royal Agr Coll,Non-member,South West,21.7,89.5,113,2017,981,71.2,3.98,1.4,0.26,81.7,449,115
2023,Royal Agr Coll,Non-member,South West,21.5,92.3,117,2292,963,61.6,3.76,2.33,0.53,80.8,515,95
2018,Royal Holloway,Non-member,London,1367,91,389,690,76,69.1,4.13,3.09,0.77,14.8,773,35
2019,Royal Holloway,Non-member,London,1540,93,143,766,80,71.8,4.05,3.09,0.77,15.2,740,28
2020,Royal Holloway,Non-member,London,1769,92,141,839,82.6,73.5,4.02,3.09,0.77,14.7,798,23
2021,Royal Holloway,Non-member,London,1875,91.1,135,834,81.5,73.5,4.08,3.09,0.77,14.7,761,24
2022,Royal Holloway,Non-member,London,15.1,91.2,131,1875,834,70.6,4.04,3.09,0.77,74.9,714,32
2023,Royal Holloway,Non-member,London,16.2,95.6,128,1810,765,68,3.86,3.3,0.7,71.3,694,33
2018,Sheffield Hallam,Non-member,Yorkshire and The Humber,1639,86.2,303,465,73.5,68.5,4.01,2.76,0.16,16.6,641,69
2019,Sheffield Hallam,Non-member,Yorkshire and The Humber,1638,86.3,124,461,75.3,69.2,4.05,2.76,0.16,16.9,584,69
2020,Sheffield Hallam,Non-member,Yorkshire and The Humber,1773,85.7,119,450,74.7,73.5,4.07,2.76,0.16,17.2,637,73
2021,Sheffield Hallam,Non-member,Yorkshire and The Humber,2051,85.5,116,449,75.7,73.5,4.12,2.76,0.16,16.8,602,67
2022,Sheffield Hallam,Non-member,Yorkshire and The Humber,17.2,84,115,2051,449,74.8,4.01,2.76,0.16,79.7,585,67
2023,Sheffield Hallam,Non-member,Yorkshire and The Humber,17.7,88,118,2214,439,72.1,3.77,2.93,0.28,74.8,577,66
2019,Solent,Non-member,South East,1391,78.7,116,733,71.3,63.1,4.03,1.63,0.07,15.7,468,112
2020,Solent,Non-member,South East,1459,77.9,118,781,71.3,70.2,4.1,1.63,0.07,15.6,565,105
2021,Solent,Non-member,South East,1467,78.6,123,775,70.7,70.2,4.11,1.63,0.07,15.8,512,100
2022,Solent,Non-member,South East,16.1,76.3,109,1467,775,61,4.12,1.63,0.07,68.5,431,120
2023,Solent,Non-member,South East,17.5,80.8,116,1408,727,56.5,3.87,2.16,0.25,62.9,442,117
2018,Staffordshire,Non-member,West Midlands,1643,76,288,235,65.8,56.5,4.14,2.2,0.33,15.2,548,105
2019,Staffordshire,Non-member,West Midlands,1867,76.5,114,322,68.4,79.3,4.16,2.2,0.33,14.5,578,73
2020,Staffordshire,Non-member,West Midlands,1882,78.5,119,431,72.3,80.7,4.18,2.2,0.33,15.4,676,58
2021,Staffordshire,Non-member,West Midlands,1760,79.7,117,523,73.4,80.7,4.11,2.2,0.33,17.5,580,75
2022,Staffordshire,Non-member,West Midlands,17.7,77.8,115,1760,523,63.9,4.14,2.2,0.33,72.9,500,97
2023,Staffordshire,Non-member,West Midlands,17.7,79,116,1360,474,63.5,3.95,2.78,0.17,68.5,489,102
2018,Creative Arts,Non-member,South East,2585,81.2,324,118,72.5,53.5,4.17,2.72,0.1,12.6,686,54
2019,Creative Arts,Non-member,South East,2401,83.7,139,132,74.1,61.1,4.07,2.72,0.1,13.2,634,55
2020,Creative Arts,Non-member,South East,2411,80.1,140,161,75.1,72.9,4.17,2.72,0.1,12.9,723,48
2021,Creative Arts,Non-member,South East,2492,84.8,133,189,73.5,72.9,4.13,2.72,0.1,13.7,681,44
2022,Creative Arts,Non-member,South East,14.1,84.5,130,2492,189,53.1,4.04,2.72,0.1,60.5,556,75
2023,Creative Arts,Non-member,South East,13.8,85.1,129,2291,204,49.9,3.86,3.06,0.11,57.5,549,74
2022,West London,Non-member,London,15.9,77.5,115,1603,927,66,4.22,1.92,0.13,74.6,512,94
2023,West London,Non-member,London,12.9,76.5,117,1530,734,60.6,4.04,2.67,0.13,68.6,545,77
2018,West London,Non-member,London,1447,79.8,298,1269,69.5,68.9,4.13,1.92,0.13,15.6,620,79
2019,West London,Non-member,London,1491,76.5,120,1252,72.4,70.1,4.17,1.92,0.13,15.6,562,79
2020,West London,Non-member,London,1538,78.1,116,1095,74.3,73.8,4.02,1.92,0.13,14.8,605,90
2021,West London,Non-member,London,1603,77.9,116,927,75.4,73.8,4.22,1.92,0.13,15.2,579,77
2018,Birmingham,Member,West Midlands,1929,94.4,421,568,84.9,85.4,4.09,3.07,0.81,14.1,836,16
2019,Birmingham,Member,West Midlands,2056,94.6,164,574,85.8,85.9,4.06,3.07,0.81,14.8,800,15
2020,Birmingham,Member,West Midlands,2253,94.9,163,605,86.6,85.3,4.01,3.07,0.81,13.9,841,13
2021,Birmingham,Member,West Midlands,2371,94.5,159,757,86.3,85.3,4,3.07,0.81,14.1,812,13
2022,Birmingham,Member,West Midlands,14.7,94.6,152,2371,757,82.8,3.92,3.07,0.81,81.8,754,19
2023,Birmingham,Member,West Midlands,14.9,96.9,158,2385,1090,76.5,3.67,3.43,0.63,78.3,772,14
2018,Bolton,Non-member,North West,753,68.4,283,417,58.7,58.7,4.14,2.04,0.2,15.1,452,125
2019,Bolton,Non-member,North West,866,68.9,112,428,59.4,64.2,4.09,2.04,0.2,14.7,368,126
2020,Bolton,Non-member,North West,1023,72.8,115,422,60.8,56.5,4.21,2.04,0.2,14.2,447,128
2021,Bolton,Non-member,North West,1395,72.2,110,432,60.4,56.5,4.22,2.04,0.2,14.4,373,127
2022,Bolton,Non-member,North West,14.5,75.7,110,1395,432,58.9,4.18,2.04,0.2,69.4,452,113
2023,Bolton,Non-member,North West,16.4,77.3,114,1381,478,55.8,4.03,1.89,0.2,66.4,370,124
2018,Liverpool,Member,North West,1612,90.5,387,436,76.7,76.5,4.07,3.06,0.7,13.5,741,41
2019,Liverpool,Member,North West,1703,90.5,147,429,79.3,78.5,,3.06,0.7,13.5,705,36
2020,Liverpool,Member,North West,1748,92.8,145,427,80.6,85.3,4.08,3.06,0.7,14.3,776,28
2021,Liverpool,Member,North West,2086,92.7,142,539,78.8,85.3,4.03,3.06,0.7,14.4,731,33
2022,Liverpool,Member,North West,13.9,91.3,140,2086,539,77.5,4.03,3.06,0.7,80,715,30
2023,Liverpool,Member,North West,13.8,94.9,144,2370,714,73.3,3.89,3.34,0.61,76.2,741,21
2018,Chichester,Non-member,South East,837,90.1,300,465,70,57.4,4.15,2.5,0.25,15.6,600,86
2019,Chichester,Non-member,South East,889,88.2,121,566,69.4,60.9,4.14,2.5,0.25,15.1,536,86
2020,Chichester,Non-member,South East,1015,88,122,691,73.1,64.8,4.07,2.5,0.25,14.4,612,88
2021,Chichester,Non-member,South East,1116,90.4,121,795,75.6,64.8,4.13,2.5,0.25,14.4,589,72
2022,Chichester,Non-member,South East,14.9,86.5,121,1116,795,66.1,4.15,2.5,0.25,75.2,573,70
2023,Chichester,Non-member,South East,15.2,86.2,129,1042,739,59.3,4.03,2.41,0.36,68.9,546,76
2018,Northampton,Non-member,East Midlands,1465,83.4,273,1028,69.4,53.8,4.07,2.09,0.25,18.5,534,110
2019,Northampton,Non-member,East Midlands,1696,82.9,107,1018,68.8,62.8,4,2.09,0.25,18.7,467,113
2020,Northampton,Non-member,East Midlands,1884,80.6,105,989,68,67.8,4.01,2.09,0.25,16.8,553,110
2021,Northampton,Non-member,East Midlands,1958,78.7,103,1056,66.9,67.8,3.97,2.09,0.25,16.2,477,109
2022,Northampton,Non-member,East Midlands,16.8,79.3,106,1958,1056,66.9,4,2.09,0.25,77,521,90
2023,Northampton,Non-member,East Midlands,17.7,86.2,112,1907,698,67.4,3.77,2.22,0.24,76.9,501,98
2022,Worcester,Non-member,West Midlands,16.9,85.3,114,1083,626,70,4.14,2.08,0.3,79.5,530,87
2023,Worcester,Non-member,West Midlands,17.5,84.9,123,1217,607,70.9,3.96,2.32,0.34,76.8,533,85
2018,Worcester,Non-member,West Midlands,741,84.3,301,604,63,67.6,4.11,2.08,0.3,16.4,559,104
2019,Worcester,Non-member,West Midlands,862,85,119,598,65.6,65.7,4.08,2.08,0.3,16.7,473,110
2020,Worcester,Non-member,West Midlands,931,81.8,118,569,67.1,74.7,4.11,2.08,0.3,17.2,556,109
2021,Worcester,Non-member,West Midlands,1083,82.2,117,626,66,74.7,4.15,2.08,0.3,17.8,489,104
2018,B'ham City,Non-member,West Midlands,1198,81.2,312,573,67.3,68.7,4.06,2.64,0.14,18.7,568,99
2019,B'ham City,Non-member,West Midlands,1322,83.6,128,604,68.6,70,4.02,2.64,0.14,18.1,517,97
2020,B'ham City,Non-member,West Midlands,1403,82.6,123,593,71.6,76.4,4.07,2.64,0.14,17.9,604,91
2021,B'ham City,Non-member,West Midlands,1448,84,122,576,74.4,76.4,4.02,2.64,0.14,16.6,576,84
2022,B'ham City,Non-member,West Midlands,16.5,82.7,119,1448,576,69.5,4.01,2.64,0.14,76.3,541,82
2023,B'ham City,Non-member,West Midlands,17.2,86.6,122,1293,530,67.7,3.88,2.7,0.19,72.5,525,89
2018,Central Lancs,Non-member,North West,1506,79.5,341,466,68.1,63.5,4.03,2.51,0.24,16.3,581,95
2019,Central Lancs,Non-member,North West,1408,78.9,129,458,70.4,69.9,4.02,2.51,0.24,16.4,509,102
2020,Central Lancs,Non-member,North West,1983,79.6,132,489,71.8,76.9,4,2.51,0.24,14.2,633,75
2021,Central Lancs,Non-member,North West,2060,76.3,126,508,72.3,76.9,4.07,2.51,0.24,13.3,593,70
2022,Central Lancs,Non-member,North West,14.3,72.3,123,2060,508,69.2,4.01,2.51,0.24,74.1,522,89
2023,Central Lancs,Non-member,North West,16.2,79.7,125,1679,423,63.2,3.8,2.81,0.3,69.9,498,99
2018,Durham,Member,North East,1615,95.9,519,1026,89.5,83.2,4.16,3.14,0.79,14.5,920,6
2019,Durham,Member,North East,1728,96.1,197,1034,90.8,84,4.13,3.14,0.79,14.9,895,6
2020,Durham,Member,North East,1839,96.4,194,1067,92.1,84.8,4.01,3.14,0.79,15,915,6
2021,Durham,Member,North East,2174,95.6,192,1085,91.7,84.8,4.01,3.14,0.79,14.7,900,7
2022,Durham,Member,North East,13.5,96.8,184,2174,1085,85.3,4.02,3.14,0.79,82.3,889,6
2023,Durham,Member,North East,13.7,97.9,187,2278,989,82.5,3.9,3.34,0.7,79.8,902,6
2018,East London,Non-member,London,1556,71.4,291,830,61.7,51.8,4.09,2.71,0.23,16.8,520,114
2019,East London,Non-member,London,1623,73.3,112,789,63.9,61.3,4.08,2.71,0.23,17,476,109
2020,East London,Non-member,London,1416,75.5,107,761,68.1,65,4.11,2.71,0.23,18.9,526,116
2021,East London,Non-member,London,1105,73.1,107,756,70.3,65,4,2.71,0.23,19.7,440,116
2022,East London,Non-member,London,21.9,76.5,97,1105,756,56.5,4,2.71,0.23,69.6,374,127
2023,East London,Non-member,London,26.2,78.8,107,988,572,55.1,3.86,2.58,0.35,67.4,332,126
2018,Gloucestershire,Non-member,South West,1339,85.8,305,485,70.9,63.7,4.14,2.38,0.18,19.1,600,86
2019,Gloucestershire,Non-member,South West,1338,83.4,123,519,71.8,68.7,4.1,2.38,0.18,19,535,88
2020,Gloucestershire,Non-member,South West,1426,80.9,120,527,71.3,72.6,4.09,2.38,0.18,18.7,583,99
2021,Gloucestershire,Non-member,South West,1538,81.4,115,499,71.8,72.6,4.05,2.38,0.18,17.7,530,97
2022,Gloucestershire,Non-member,South West,17.3,80.7,115,1538,499,62.4,4.03,2.38,0.18,73.2,495,98
2023,Gloucestershire,Non-member,South West,17.2,81.8,118,1529,439,60.8,3.88,2.43,0.31,68.6,493,101
2018,Greenwich,Non-member,London,1293,83.3,341,612,67.5,65.6,4.01,2.33,0.25,17.8,585,93
2019,Greenwich,Non-member,London,1410,80.9,135,735,74.1,66.1,3.98,2.33,0.25,17.9,520,96
2020,Greenwich,Non-member,London,1460,82,136,830,77,70.2,4,2.33,0.25,17.4,619,83
2021,Greenwich,Non-member,London,1477,81.4,124,846,77.1,70.2,4.04,2.33,0.25,17.8,553,90
2022,Greenwich,Non-member,London,18.5,81.7,115,1477,846,71.3,3.98,2.33,0.25,77.2,514,92
2023,Greenwich,Non-member,London,19.5,86.8,121,1229,628,68.4,3.87,2.86,0.51,72.8,534,83
2018,Hertfordshire,Non-member,East of England,1213,86.6,301,977,66,77.3,4.01,2.61,0.21,17.6,620,79
2019,Hertfordshire,Non-member,East of England,1317,81.7,119,1038,65.9,78.4,4.02,2.61,0.21,17.9,536,86
2020,Hertfordshire,Non-member,East of England,1466,83.7,116,1086,64.9,80.4,4.04,2.61,0.21,16,634,74
2021,Hertfordshire,Non-member,East of England,1638,82.1,108,1122,65.7,80.4,4.02,2.61,0.21,14.8,578,81
2022,Hertfordshire,Non-member,East of England,15.6,82,104,1638,1122,69.3,4.04,2.61,0.21,74.3,545,80
2023,Hertfordshire,Non-member,East of England,16.5,86.3,113,1519,967,67.9,3.89,3.02,0.32,73.5,571,68
2018,Huddersfield,Non-member,Yorkshire and The Humber,1385,80.7,334,495,70.9,72.7,4.17,2.65,0.32,18.9,635,72
2019,Huddersfield,Non-member,Yorkshire and The Humber,1605,82.5,129,586,74.4,77.9,4.11,2.65,0.32,17,617,60
2020,Huddersfield,Non-member,Yorkshire and The Humber,1657,84.2,130,620,74.6,80,4.07,2.65,0.32,17.5,668,64
2021,Huddersfield,Non-member,Yorkshire and The Humber,1805,83.5,128,683,75.6,80,4.06,2.65,0.32,15.5,660,53
2022,Huddersfield,Non-member,Yorkshire and The Humber,13.7,83.5,121,1805,683,69.8,4,2.65,0.32,76.3,620,53
2023,Huddersfield,Non-member,Yorkshire and The Humber,14.7,86.6,126,1828,716,62.8,3.76,2.8,0.47,71.8,595,59
2018,Hull,Non-member,Yorkshire and The Humber,1492,84.4,317,583,69.5,72.6,4.05,2.7,0.56,16.5,632,74
2019,Hull,Non-member,Yorkshire and The Humber,1477,82.2,123,622,67.3,75.9,4.01,2.7,0.56,18.3,522,94
2020,Hull,Non-member,Yorkshire and The Humber,1578,83,126,710,70.4,76,3.96,2.7,0.56,16.2,622,81
2021,Hull,Non-member,Yorkshire and The Humber,1713,82.8,126,790,73.7,76,4.02,2.7,0.56,15.1,612,64
2022,Hull,Non-member,Yorkshire and The Humber,15.5,80.9,123,1713,790,71.6,4.05,2.7,0.56,74.8,573,70
2023,Hull,Non-member,Yorkshire and The Humber,16.2,82.7,125,1925,858,70.3,3.92,3.1,0.37,74.3,598,58
2018,Kent,Non-member,South East,1092,90.4,353,573,79.6,80.5,4.13,2.95,0.85,13.3,803,25
2019,Kent,Non-member,South East,1110,88.3,137,605,78.5,82.4,4.04,2.95,0.85,18.4,675,44
2020,Kent,Non-member,South East,1144,89,134,645,79.1,78,3.99,2.95,0.85,18,715,49
2021,Kent,Non-member,South East,1211,88.8,130,716,78,78,3.99,2.95,0.85,17,669,47
2022,Kent,Non-member,South East,16.7,88.2,125,1211,716,69.3,4.01,2.95,0.85,73.5,630,50
2023,Kent,Non-member,South East,17.7,92.7,123,1294,759,65.1,3.89,3.26,0.67,69.5,636,47
2018,Lincoln,Non-member,East Midlands,1200,89.2,334,589,68.2,71.8,4.25,2.54,0.39,15.6,707,50
2019,Lincoln,Non-member,East Midlands,1232,88.6,129,652,73.5,76,4.15,2.54,0.39,14.9,676,43
2020,Lincoln,Non-member,East Midlands,1263,88.2,128,704,75.1,81.5,4.17,2.54,0.39,14.7,735,42
2021,Lincoln,Non-member,East Midlands,1292,88.7,120,781,75.9,81.5,4.04,2.54,0.39,15.3,666,50
2022,Lincoln,Non-member,East Midlands,15.7,88,118,1292,781,69.8,4.13,2.54,0.39,78.3,634,46
2023,Lincoln,Non-member,East Midlands,16.1,90.4,125,1316,816,65.2,3.91,2.98,0.39,71.7,630,51
2018,Bedfordshire,Non-member,East of England,1633,75.4,244,613,65.8,61.4,4.07,2.52,0.27,16.9,536,109
2019,Bedfordshire,Non-member,East of England,1588,72.8,95,596,63.5,67.8,4.01,2.52,0.27,17.6,422,118
2020,Bedfordshire,Non-member,East of England,1665,66.3,98,629,63.9,70.2,4.07,2.52,0.27,17,492,122
2021,Bedfordshire,Non-member,East of England,1750,58.5,101,673,65.6,70.2,4.02,2.52,0.27,16.7,409,123
2022,Bedfordshire,Non-member,East of England,23.5,53.1,103,1750,673,66.2,3.93,2.52,0.27,73.1,304,130
2023,Bedfordshire,Non-member,East of England,24.3,62.6,108,1197,480,64.4,3.83,2.71,0.23,72.4,310,128
2018,Nottingham,Member,East Midlands,1605,94,425,642,83.1,82.6,4.12,3.09,0.79,13.8,825,18
2019,Nottingham,Member,East Midlands,1655,93.4,165,758,84.9,83.3,4.09,3.09,0.79,13.9,796,17
2020,Nottingham,Member,East Midlands,1654,93.7,162,841,84.1,86,4.02,3.09,0.79,14.5,814,19
2021,Nottingham,Member,East Midlands,1803,92,151,938,84.5,86,4,3.09,0.79,14.5,773,20
2022,Nottingham,Member,East Midlands,14.8,92.9,147,1803,938,83.6,3.94,3.09,0.79,82,727,24
2023,Nottingham,Member,East Midlands,15.8,95.7,152,1845,868,79.3,3.8,3.34,0.68,76.8,722,25
2018,Portsmouth,Non-member,South East,1492,85.9,317,515,73.9,71.7,4.14,2.75,0.27,15.4,681,56
2019,Portsmouth,Non-member,South East,1473,85.1,120,609,75.2,80,4.1,2.75,0.27,15.4,642,51
2020,Portsmouth,Non-member,South East,1463,85.3,115,660,75,85.2,4.11,2.75,0.27,15.4,698,53
2021,Portsmouth,Non-member,South East,1512,83.8,115,652,73.6,85.2,4.06,2.75,0.27,16.1,625,61
2022,Portsmouth,Non-member,South East,16.3,83.5,113,1512,652,69.2,4.07,2.75,0.27,72.8,558,74
2023,Portsmouth,Non-member,South East,16.8,87.8,119,1528,638,65.4,3.79,3,0.41,70.4,567,69
2018,Salford,Non-member,North West,1206,81.5,320,554,73.1,61.2,4.08,2.54,0.33,16.6,573,98
2019,Salford,Non-member,North West,1221,81.5,128,724,69.6,70.5,4.07,2.54,0.33,15,562,79
2020,Salford,Non-member,North West,1156,78.4,130,846,73.7,73.1,4.08,2.54,0.33,15.2,626,80
2021,Salford,Non-member,North West,1182,81.9,127,803,71.7,73.1,4.02,2.54,0.33,16.5,547,92
2022,Salford,Non-member,North West,16.8,80.2,126,1182,803,70.3,4.02,2.54,0.33,76,540,83
2023,Salford,Non-member,North West,17.9,83.9,124,1263,701,68,3.77,3,0.27,73,533,85
2018,Sheffield,Member,Yorkshire and The Humber,1621,94.4,407,509,80,81.2,4.11,3.17,0.74,14.6,782,32
2019,Sheffield,Member,Yorkshire and The Humber,1715,93,156,521,80.6,82.5,,3.17,0.74,14.7,735,30
2020,Sheffield,Member,Yorkshire and The Humber,1719,92.8,157,521,81.5,84.3,4.04,3.17,0.74,15.2,767,33
2021,Sheffield,Member,Yorkshire and The Humber,1772,93.2,151,520,82.7,84.3,4.09,3.17,0.74,14.7,744,28
2022,Sheffield,Member,Yorkshire and The Humber,14,92.8,150,1772,520,79.3,4.05,3.17,0.74,77.7,723,26
2023,Sheffield,Member,Yorkshire and The Humber,14.9,93.7,149,1823,529,74.4,3.91,3.4,0.66,75.3,712,28
2018,Southampton,Member,South East,1588,91.2,390,469,78.5,78.4,4.06,3.15,0.9,13.2,792,26
2019,Southampton,Member,South East,1657,92.3,160,536,82.4,80.1,4,3.15,0.9,12.9,776,20
2020,Southampton,Member,South East,1746,89.3,161,611,84.9,82.1,4.03,3.15,0.9,13.5,804,20
2021,Southampton,Member,South East,1978,92,155,746,85.8,82.1,4.03,3.15,0.9,13.3,803,17
2018,Southampton,Member,South East,1255,77.1,280,694,69.7,56.5,4.04,1.63,0.07,15.5,514,117
2022,Southampton,Member,South East,13.2,93.2,152,1978,746,80.1,4.03,3.15,0.9,79.7,784,15
2023,Southampton,Member,South East,12.6,93.6,155,2142,823,75.4,3.89,3.41,0.71,73.8,793,13
2018,Sunderland,Non-member,North East,1447,76.3,282,670,63.7,66.5,4.02,2.12,0.39,15.4,561,102
2019,Sunderland,Non-member,North East,1577,78.2,120,674,66.7,67.8,4,2.12,0.39,15.6,513,99
2020,Sunderland,Non-member,North East,1781,80.5,116,632,64.7,66.4,4.05,2.12,0.39,15.8,563,107
2021,Sunderland,Non-member,North East,2013,78.4,115,632,61.3,66.4,4.01,2.12,0.39,15.5,478,108
2022,Sunderland,Non-member,North East,15.5,77.5,117,2013,632,61.1,4.02,2.12,0.39,71.3,514,92
2023,Sunderland,Non-member,North East,15.9,80.1,122,1911,553,56.2,4,2.75,0.13,70,534,83
2018,Surrey,Non-member,South East,1781,90.7,438,751,83.6,81,4.2,2.98,0.73,15.4,851,13
2019,Surrey,Non-member,South East,1731,90.5,166,745,85.3,76.4,4.12,2.98,0.73,15.7,779,19
2020,Surrey,Non-member,South East,1774,92.7,156,708,85,80.6,4.04,2.98,0.73,16.1,798,23
2021,Surrey,Non-member,South East,1926,88.8,148,725,79.9,80.6,4,2.98,0.73,15.8,729,34
2022,Surrey,Non-member,South East,16.7,89.3,138,1926,725,84.3,3.95,2.98,0.73,83.9,709,35
2023,Surrey,Non-member,South East,16,92.7,143,2052,718,80.2,3.98,3.29,0.62,79.6,759,18
2018,Teesside,Non-member,North East,1497,79.8,300,506,63.8,65.8,4.13,2.58,0.14,16.6,562,101
2019,Teesside,Non-member,North East,1647,81.7,119,520,66,79.1,4.04,2.58,0.14,17.2,524,92
2020,Teesside,Non-member,North East,1839,79.8,117,534,68,80.9,4.08,2.58,0.14,18,581,100
2021,Teesside,Non-member,North East,1946,77.9,116,523,71.6,80.9,4.11,2.58,0.14,18.2,534,95
2022,Teesside,Non-member,North East,17.9,75.6,114,1946,523,74,4.08,2.58,0.14,77,508,95
2023,Teesside,Non-member,North East,17.1,80.2,119,1956,479,70,3.74,2.76,0.32,76.8,517,94
2022,Arts London,Non-member,London,12.8,85.5,137,2505,269,57.3,3.92,3.12,0.17,69.5,660,43
2023,Arts London,Non-member,London,11.9,88.2,135,2933,281,58.2,3.66,3.18,0.14,67.4,679,38
2018,Arts London,Non-member,London,1429,86.9,313,226,64.2,61,3.93,3.12,0.17,15.9,614,83
2019,Arts London,Non-member,London,1537,84.2,135,242,65.8,56.5,3.94,3.12,0.17,14.4,543,84
2020,Arts London,Non-member,London,1865,86.2,133,243,71.3,72.1,3.91,3.12,0.17,14.8,675,61
2021,Arts London,Non-member,London,2505,84.2,132,269,72.2,72.1,3.9,3.12,0.17,13.7,665,51
2022,Warwick,Member,West Midlands,12.8,95.1,162,1643,795,83.7,4.05,3.22,0.83,81.5,842,9
2023,Warwick,Member,West Midlands,14.2,96.7,167,1577,820,83.4,4,3.42,0.59,81.1,842,10
2018,Warwick,Member,West Midlands,1765,95.1,478,706,83.4,80.3,4.12,3.22,0.83,12.9,896,8
2019,Warwick,Member,West Midlands,1722,96.2,181,717,84.4,80.6,4.13,3.22,0.83,12.8,874,9
2020,Warwick,Member,West Midlands,1694,95.1,171,732,84.3,83.2,4.05,3.22,0.83,13,868,11
2021,Warwick,Member,West Midlands,1643,94.9,163,795,86.7,83.2,4.09,3.22,0.83,13.8,845,11
2022,UWE,Non-member,South West,15.8,82,123,1249,633,75.7,4.17,2.7,0.29,78.7,612,55
2023,UWE,Non-member,South West,15.7,86.2,123,1085,557,72.8,3.9,2.96,0.25,74.5,586,61
2018,UWE,Non-member,South West,1540,84.4,322,784,72.6,76.3,4.16,2.7,0.29,18.1,673,60
2019,UWE,Non-member,South West,1504,84.3,127,813,75.3,76.9,4.15,2.7,0.29,18.4,620,58
2020,UWE,Non-member,South West,1517,84.3,125,691,75.4,76.1,4.18,2.7,0.29,15.3,693,55
2021,UWE,Non-member,South West,1249,82.6,121,633,74.5,76.1,4.18,2.7,0.29,15.4,612,64
2022,Westminster,Non-member,London,20.9,80.1,118,1283,567,60.5,3.98,2.74,0.29,67.4,450,114
2023,Westminster,Non-member,London,19.9,85,116,1261,543,54.3,3.76,3,0.47,64.1,465,111
2018,Westminster,Non-member,London,1467,81.7,319,327,70.4,58,3.99,2.74,0.29,17.9,581,95
2019,Westminster,Non-member,London,1570,82.9,124,415,71.9,65.9,3.97,2.74,0.29,17,554,82
2020,Westminster,Non-member,London,1452,81.7,126,512,70.5,70,3.92,2.74,0.29,19.3,602,92
2021,Westminster,Non-member,London,1283,82.3,120,567,66.2,70,3.95,2.74,0.29,20.9,476,111
2022,Wolverhampton,Non-member,West Midlands,17,71.3,105,1729,329,63.6,4.02,2.31,0.31,72.7,397,124
2023,Wolverhampton,Non-member,West Midlands,16.5,72.7,112,1748,318,61.7,3.83,2.56,0.35,68.4,414,121
2019,Wolverhampton,Non-member,West Midlands,1493,70.4,108,291,64,65.6,4.01,2.31,0.31,20,348,129
2020,Wolverhampton,Non-member,West Midlands,1654,72.9,110,332,66.2,68.7,4.03,2.31,0.31,18,483,124
2021,Wolverhampton,Non-member,West Midlands,1729,70.4,108,329,65.6,68.7,4.06,2.31,0.31,17.2,415,121
2022,York,Member,Yorkshire and The Humber,13.6,93.3,149,1296,603,79.6,4.06,3.17,0.75,80,762,18
2023,York,Member,Yorkshire and The Humber,15.1,95.2,149,1168,679,76.2,3.92,3.45,0.65,76.3,752,20
2018,York,Member,Yorkshire and The Humber,1473,92.2,422,554,81.2,76.9,4.2,3.17,0.75,14.5,814,20
2019,York,Member,Yorkshire and The Humber,1445,92.5,159,439,80.6,81.1,4.18,3.17,0.75,14.6,770,21
2020,York,Member,Yorkshire and The Humber,1328,92.8,157,406,80.5,81.6,4.09,3.17,0.75,14.6,773,30
2021,York,Member,Yorkshire and The Humber,1296,94.4,152,603,82.4,81.6,4.14,3.17,0.75,14.4,767,22
2018,York St John,Non-member,Yorkshire and The Humber,1080,86.4,302,537,56.4,61.3,4.04,2.04,0.29,17.4,493,122
2019,York St John,Non-member,Yorkshire and The Humber,1179,84.5,113,627,64.7,55,4.04,2.04,0.29,17.4,381,123
2020,York St John,Non-member,Yorkshire and The Humber,1239,87.7,114,623,68.6,73.4,4.08,2.04,0.29,18,543,111
2021,York St John,Non-member,Yorkshire and The Humber,1334,86.4,103,595,73.6,73.4,4.11,2.04,0.29,18,491,103
2022,York St John,Non-member,Yorkshire and The Humber,18.1,84.4,107,1334,595,63.5,4.14,2.04,0.29,74,459,111
2023,York St John,Non-member,Yorkshire and The Humber,18,86.4,112,1467,568,61.3,3.94,2.43,0.47,69.1,488,103
2018,Aston,Non-member,West Midlands,1408,90.4,342,555,75.8,82.3,4.16,3.05,0.57,20.9,712,49
2019,Aston,Non-member,West Midlands,1324,90.7,136,485,81.3,79.4,4.14,3.05,0.57,20.1,670,45
2020,Aston,Non-member,West Midlands,1412,92.1,131,466,84.4,79.2,4.02,3.05,0.57,17.4,763,34
2021,Aston,Non-member,West Midlands,1473,89.8,126,517,81.9,79.2,4,3.05,0.57,16.1,683,43
2022,Aston,Non-member,West Midlands,15.8,90.2,124,1473,517,80.2,3.99,3.05,0.57,80.4,633,47
2023,Aston,Non-member,West Midlands,17,93.1,133,1452,547,75.5,3.82,3.06,0.52,77.9,633,48
2018,Birkbeck,Non-member,London,800,68,260,85,58.9,70.5,4.12,2.97,0.81,16,516,116
2019,Birkbeck,Non-member,London,947,64.2,94,101,57.2,72.4,3.95,2.97,0.81,15.8,379,125
2018,Glasgow Cal,Non-member,Scotland,1307,82.6,396,298,74.4,71.2,3.96,2.67,0.24,19.4,620,79
2019,Glasgow Cal,Non-member,Scotland,1337,84.8,164,308,72.8,69.6,3.91,2.67,0.24,19.2,542,85
2020,Glasgow Cal,Non-member,Scotland,1300,83.7,163,291,79.9,72.1,3.99,2.67,0.24,20.2,628,77
2021,Glasgow Cal,Non-member,Scotland,1460,85,153,283,80.3,72.1,4.01,2.67,0.24,21.4,559,88
2022,Glasgow Cal,Non-member,Scotland,22.3,85,163,1460,283,72.4,4.07,2.67,0.24,76.5,551,77
2023,Glasgow Cal,Non-member,Scotland,22.9,88.9,170,1465,273,73.6,3.89,2.95,0.31,77.2,529,88
2018,Heriot-Watt,Non-member,Scotland,1566,87.6,407,1024,77.4,79.7,4.13,3.06,0.82,16.6,790,29
2019,Heriot-Watt,Non-member,Scotland,1655,84.6,163,1341,76.8,76.6,3.98,3.06,0.82,16.7,713,35
2020,Heriot-Watt,Non-member,Scotland,1658,86.8,162,1418,79.7,79.2,3.94,3.06,0.82,17.8,756,35
2021,Heriot-Watt,Non-member,Scotland,1795,84.4,168,1491,79.3,79.2,4,3.06,0.82,17.8,740,29
2022,Heriot-Watt,Non-member,Scotland,17.3,84.6,171,1795,1491,78.2,3.97,3.06,0.82,80.9,733,23
2023,Heriot-Watt,Non-member,Scotland,18,89,176,2032,1380,72.1,3.86,3.22,0.67,75,686,34
2018,Keele,Non-member,West Midlands,1214,90.7,340,563,67.5,78.7,4.3,2.88,0.59,13.9,713,48
2019,Keele,Non-member,West Midlands,1313,89.7,128,563,71.4,78.9,4.15,2.88,0.59,14.2,636,54
2020,Keele,Non-member,West Midlands,1407,88.7,127,588,74.2,81.7,4.15,2.88,0.59,14,699,52
2021,Keele,Non-member,West Midlands,1508,86.9,124,631,76,81.7,4.13,2.88,0.59,14.3,652,56
2022,Keele,Non-member,West Midlands,14.8,88,123,1508,631,74.9,4.05,2.88,0.59,77.1,605,58
2023,Keele,Non-member,West Midlands,15.3,91.7,127,1494,619,74.4,3.91,3.07,0.52,77.9,621,52
2018,Lancaster,Non-member,North West,1917,92.6,402,943,77.5,82.6,4.17,3.15,0.77,13,889,9
2019,Lancaster,Non-member,North West,2050,92.6,157,1011,76.5,85,4.2,3.15,0.77,12.7,881,8
2020,Lancaster,Non-member,North West,2187,93.7,156,1049,78.7,89.2,4.14,3.15,0.77,12.6,914,7
2021,Lancaster,Non-member,North West,2319,93,151,1066,79.7,89.2,4.07,3.15,0.77,12.5,885,8
2022,Lancaster,Non-member,North West,13,93.2,144,2319,1066,78.2,4.04,3.15,0.77,78.7,821,11
2023,Lancaster,Non-member,North West,14.1,95.8,150,2158,952,75.8,3.96,3.37,0.8,76.2,836,11
2018,Napier,Non-member,Scotland,1125,79.1,343,377,74.4,71.4,4.03,2.52,0.19,19.1,582,94
2019,Napier,Non-member,Scotland,1305,81.6,146,362,74.7,65.5,3.94,2.52,0.19,18.8,510,101
2020,Napier,Non-member,Scotland,2154,82.2,143,342,75.7,73.4,3.85,2.52,0.19,17.9,615,86
2021,Napier,Non-member,Scotland,2120,81,147,328,78.8,73.4,3.95,2.52,0.19,18.2,579,77
2022,Napier,Non-member,Scotland,19.9,80.2,144,2120,328,71.7,4.09,2.52,0.19,77.5,551,77
2023,Napier,Non-member,Scotland,22.1,87.5,148,1898,309,69,3.99,2.86,0.45,70.3,504,97
2018,Oxford,Member,South East,2608,98.3,570,605,92.8,83.7,4.13,3.34,0.87,10.3,998,2
2019,Oxford,Member,South East,2703,98.5,217,640,93.7,85,,3.34,0.87,10.5,997,2
2020,Oxford,Member,South East,2758,98.5,215,582,94,83.4,4.1,3.34,0.87,10.4,989,2
2021,Oxford,Member,South East,2842,98.1,205,599,94.2,83.4,,3.34,0.87,10.3,992,2
2022,Oxford,Member,South East,10.1,99.1,200,2842,599,90.4,,3.34,0.87,84.7,1000,1
2023,Oxford,Member,South East,10.5,98.8,201,2748,546,88.3,,3.49,0.95,81.4,1000,1
2022,Queen Mary,Member,London,13,91.6,146,1471,704,79,3.86,3.18,0.74,77.8,671,41
2023,Queen Mary,Member,London,14.6,95.8,145,2101,662,73.4,3.8,3.39,0.61,74.4,683,35
2018,Queen Mary,Member,London,1540,91.6,393,881,76.6,79.7,4.02,3.18,0.74,12.5,776,34
2019,Queen Mary,Member,London,1538,92,148,814,79.8,73.7,3.97,3.18,0.74,13.1,696,38
2020,Queen Mary,Member,London,1466,89.8,144,794,83.2,78.6,3.88,3.18,0.74,13.1,742,41
2021,Queen Mary,Member,London,1471,90.6,149,704,86.2,78.6,3.9,3.18,0.74,13,720,35
2018,Roehampton,Non-member,London,1583,82.2,280,497,68.2,64.1,4,2.83,0.67,14.3,641,69
2019,Roehampton,Non-member,London,1594,81.2,109,560,68.9,69.4,3.95,2.83,0.67,14.7,580,71
2020,Roehampton,Non-member,London,1832,74.4,111,635,68.7,71.5,3.98,2.83,0.67,14.2,622,81
2021,Roehampton,Non-member,London,2229,75.2,103,810,66.7,71.5,4.01,2.83,0.67,14.8,578,81
2022,Roehampton,Non-member,London,15.2,77.5,102,2229,810,57.1,4.02,2.83,0.67,69.6,548,79
2023,Roehampton,Non-member,London,18.3,80.8,105,2302,863,57.1,3.84,3.11,0.44,66.6,539,78
2018,SOAS,Non-member,London,1747,85.6,401,286,81,70.6,4.08,2.82,0.76,11.6,751,38
2019,SOAS,Non-member,London,1775,82.5,148,296,80.5,69.3,,2.82,0.76,12.3,663,46
2020,SOAS,Non-member,London,2068,81.4,154,359,81.7,69.8,3.95,2.82,0.76,11.3,726,44
2021,SOAS,Non-member,London,2546,82,157,417,82.5,69.8,3.93,2.82,0.76,11.6,712,37
2022,SOAS,Non-member,London,12.8,83.5,147,2546,417,64.3,3.92,2.82,0.76,69.2,632,48
2023,SOAS,Non-member,London,14.6,87.6,140,2601,457,68,3.83,3.24,0.57,70.5,637,46
2018,St George's,Non-member,London,2356,94.7,408,209,72.4,95.1,3.83,2.99,0.52,12.5,687,53
2019,St George's,Non-member,London,2256,92.7,164,299,75.7,93.6,3.89,2.99,0.52,12.4,638,52
2020,St George's,Non-member,London,2097,93.3,159,323,80.3,94,3.83,2.99,0.52,11.1,725,47
2021,St George's,Non-member,London,2160,94.3,154,344,78,94,3.83,2.99,0.52,13.3,631,59
2022,St George's,Non-member,London,13.3,93,147,2160,344,89.2,3.83,2.99,0.52,90,599,61
2023,St George's,Non-member,London,13.1,95.2,145,2088,335,94.6,3.53,3.23,0.38,93.2,607,55
2018,Aberdeen,Non-member,Scotland,1556,85.9,432,679,82.6,78.6,4.03,2.97,0.73,14.9,747,40
2019,Aberdeen,Non-member,Scotland,1627,89.6,185,694,85.4,77,4.08,2.97,0.73,15.4,740,28
2020,Aberdeen,Non-member,Scotland,1641,90.3,183,688,87.1,81,4.08,2.97,0.73,16.1,774,29
2021,Aberdeen,Non-member,Scotland,1744,89,183,701,86.2,81,4.1,2.97,0.73,16.2,747,26
2022,Aberdeen,Non-member,Scotland,15.7,88.5,182,1744,701,74.8,4.06,2.97,0.73,77.2,686,38
2023,Aberdeen,Non-member,Scotland,15,92.7,185,1860,730,71.6,3.98,3.03,0.73,72.4,680,37
2022,UCL,Member,London,10.1,94.3,185,2338,325,85.3,3.95,3.22,0.91,83.4,854,8
2023,UCL,Member,London,11.1,95.8,189,2175,322,85.3,3.85,3.5,0.72,80.1,860,9
2018,UCL,Member,London,2345,94.7,501,277,88.8,87.2,3.97,3.22,0.91,10.4,909,7
2019,UCL,Member,London,2353,94,191,309,90.8,82,,3.22,0.91,10.3,870,10
2020,UCL,Member,London,2288,94.4,187,296,89.7,83.8,3.87,3.22,0.91,10.5,880,10
2021,UCL,Member,London,2338,94.5,175,325,89.1,83.8,3.95,3.22,0.91,10.4,858,10
2018,Bradford,Non-member,Yorkshire and The Humber,1388,83.5,329,767,74.6,78.6,4.02,2.95,0.23,16,675,58
2019,Bradford,Non-member,Yorkshire and The Humber,1338,82.1,131,787,77.3,80.5,4.02,2.95,0.23,16.8,616,61
2020,Bradford,Non-member,Yorkshire and The Humber,1398,82.9,132,784,80.2,82.8,3.91,2.95,0.23,17.2,671,63
2021,Bradford,Non-member,Yorkshire and The Humber,1424,82.5,126,772,79.9,82.8,3.9,2.95,0.23,18,594,69
2022,Bradford,Non-member,Yorkshire and The Humber,18.7,83.6,124,1424,772,73.1,3.96,2.95,0.23,79.4,534,85
2023,Bradford,Non-member,Yorkshire and The Humber,19.1,91,129,1274,662,69.1,3.87,2.85,0.53,76.5,549,74
2018,Bristol,Member,South West,1490,95.9,485,482,87,78.9,4.05,3.18,0.91,13.4,834,17
2019,Bristol,Member,South West,1518,95.6,184,506,89.3,80.2,,3.18,0.91,13.6,800,15
2020,Bristol,Member,South West,1559,95.9,177,565,89.8,80.5,3.95,3.18,0.91,13.5,826,16
2021,Bristol,Member,South West,1645,94.9,170,673,90.1,80.5,4.02,3.18,0.91,13.3,811,14
2022,Bristol,Member,South West,13.4,95.3,164,1645,673,82.2,3.97,3.18,0.91,80.5,768,17
2023,Bristol,Member,South West,14.1,97.1,167,1582,716,79,3.78,3.51,0.67,77.9,771,15
2018,Buckingham,Non-member,South East,1326,78.1,318,811,62,71.4,4.45,,,10.4,621,78
2019,Buckingham,Non-member,South East,1341,84,128,715,68.7,73.4,4.33,,,11.3,572,76
2020,Buckingham,Non-member,South East,1035,84,121,530,69.7,81.5,4.24,,,15.8,563,107
2021,Buckingham,Non-member,South East,1024,83.1,122,542,63.5,81.5,4.12,,,15,443,115
2022,Buckingham,Non-member,South East,18.8,85,121,1024,542,71.4,4.16,,,70.8,398,123
2023,Buckingham,Non-member,South East,18.5,87.1,111,841,466,83.2,4.03,,,88.5,448,115
2018,Cambridge,Member,East of England,2604,98.9,592,859,92.1,87.8,4.14,3.33,0.95,11,1000,1
2019,Cambridge,Member,East of England,2638,98.6,226,915,92.6,87.3,,3.33,0.95,11,1000,1
2020,Cambridge,Member,East of England,2701,98.4,224,1006,93.4,86.7,4.09,3.33,0.95,11.2,1000,1
2021,Cambridge,Member,East of England,2718,98.8,212,1043,92.9,86.7,,3.33,0.95,11.2,1000,1
2022,Cambridge,Member,East of England,11.4,99.1,205,2718,1043,90,,3.33,0.95,86,989,2
2023,Cambridge,Member,East of England,11.6,98.9,207,2705,1067,87.5,,3.53,1,81.2,995,2
2018,East Anglia,Non-member,East of England,1646,89.6,407,1160,86.4,73.9,4.16,3.11,0.75,13.2,853,12
2019,East Anglia,Non-member,East of England,1716,90.5,154,1133,87.8,77.4,4.09,3.11,0.75,13.4,816,14
2020,East Anglia,Non-member,East of England,1750,90.7,147,1044,87.2,77,4.01,3.11,0.75,13.6,802,21
2021,East Anglia,Non-member,East of England,1789,87.8,138,1044,84.7,77,4.02,3.11,0.75,13.5,751,25
2022,East Anglia,Non-member,East of England,13.2,88.7,133,1789,1044,76.6,4.05,3.11,0.75,78.3,741,22
2023,East Anglia,Non-member,East of England,14.2,91.9,134,1823,1070,73,3.86,3.38,0.56,73.2,715,27
2018,Edinburgh,Member,Scotland,1401,92.5,483,642,86.8,72.7,3.85,3.18,0.83,12.5,805,23
2019,Edinburgh,Member,Scotland,1346,92,180,708,86.5,74.9,3.93,3.18,0.83,12.6,762,23
2020,Edinburgh,Member,Scotland,1364,92.1,189,754,89.5,77.3,3.84,3.18,0.83,11.9,826,16
2021,Edinburgh,Member,Scotland,1407,93.8,187,808,89.4,77.3,3.87,3.18,0.83,11.9,810,15
2023,Edinburgh,Member,Scotland,11.5,96.4,190,1426,789,76.8,3.7,3.42,0.76,77.7,809,12
2018,Essex,Non-member,East of England,1694,88,332,1230,72,73.3,4.19,3.05,0.82,16,782,32
2019,Essex,Non-member,East of England,1797,86.1,116,1363,78.8,79.3,4.08,3.05,0.82,16.3,742,26
2020,Essex,Non-member,East of England,1836,85.4,111,1442,74.5,73.8,4.08,3.05,0.82,15.9,726,44
2021,Essex,Non-member,East of England,1950,84.4,107,1469,75.4,73.8,4.08,3.05,0.82,16.7,684,41
2022,Essex,Non-member,East of England,15.5,86.8,117,1950,1469,71,4.05,3.05,0.82,75,722,27
2023,Essex,Non-member,East of England,16,89.3,112,2044,1350,65.3,3.76,3.23,0.65,71.3,674,39
2018,Exeter,Member,South West,1614,95.6,471,729,85.1,80.1,4.2,3.08,0.82,16.5,850,14
2019,Exeter,Member,South West,1616,95.5,176,911,86.3,84.1,4.11,3.08,0.82,16.1,828,12
2020,Exeter,Member,South West,1627,95.7,171,1075,87.9,85.5,4.08,3.08,0.82,15.5,868,11
2021,Exeter,Member,South West,1594,94.7,163,1191,86.7,85.5,4.06,3.08,0.82,15.2,834,12
2022,Exeter,Member,South West,15.5,94.4,157,1594,1191,80.2,4.03,3.08,0.82,80.5,794,13
2023,Exeter,Member,South West,15.8,95.7,162,1282,1052,74.6,3.81,3.35,0.69,74.4,754,19
2018,South Wales,Non-member,Wales,1227,80.9,321,590,66.5,56.1,4.01,2.51,0.16,17.8,534,110
2019,South Wales,Non-member,Wales,1309,79.2,129,536,67.4,62.1,3.97,2.51,0.16,15.1,484,107
2020,South Wales,Non-member,Wales,1255,79.8,125,468,67.3,63.2,4.06,2.51,0.16,15.6,537,113
2021,South Wales,Non-member,Wales,1511,81.7,120,357,70.4,63.2,4.1,2.51,0.16,15.1,505,102
2022,South Wales,Non-member,Wales,15.5,81.8,115,1511,357,65.4,4.08,2.51,0.16,72.3,515,91
2023,South Wales,Non-member,Wales,16.1,81.6,127,1710,282,61.9,3.86,2.66,0.21,70.9,523,91
2018,Glasgow,Member,Scotland,1676,88.6,485,524,83.1,81.4,4.1,3.1,0.84,14.6,791,27
2019,Glasgow,Member,Scotland,1654,88.6,200,594,84.1,83.3,4.08,3.1,0.84,14.9,757,24
2020,Glasgow,Member,Scotland,1711,89.9,196,623,84.8,85.4,4.06,3.1,0.84,13.7,823,18
2021,Glasgow,Member,Scotland,1862,88,200,673,83,85.4,4,3.1,0.84,13.4,789,19
2022,Glasgow,Member,Scotland,13.1,88.2,199,1862,673,78.3,4.04,3.1,0.84,79.1,771,16
2023,Glasgow,Member,Scotland,13.7,93.5,204,1758,592,72.2,3.93,3.43,0.57,74.5,726,23
2018,Leeds,Member,Yorkshire and The Humber,2185,92.6,427,567,84.2,81.3,4.15,3.13,0.75,13.2,850,14
2019,Leeds,Member,Yorkshire and The Humber,2339,92.5,166,517,86.6,81.1,4.12,3.13,0.75,13.2,820,13
2020,Leeds,Member,Yorkshire and The Humber,2511,92.4,164,469,86.9,81.2,4.09,3.13,0.75,13.4,838,14
2021,Leeds,Member,Yorkshire and The Humber,2498,93.5,160,406,87.4,81.2,4.06,3.13,0.75,13.7,804,16
2022,Leeds,Member,Yorkshire and The Humber,13.7,93.4,157,2498,406,80,3.97,3.13,0.75,79.7,753,20
2023,Leeds,Member,Yorkshire and The Humber,13.8,95.2,159,2684,433,78.2,3.81,3.35,0.65,75.8,768,16
2018,Leicester,Non-member,East Midlands,1808,93,374,882,74.7,75.2,4.11,2.93,0.82,13,786,30
2019,Leicester,Non-member,East Midlands,1759,92.6,136,915,79,75.6,4.05,2.93,0.82,13.7,722,34
2020,Leicester,Non-member,East Midlands,1786,92.3,133,828,78.4,74.9,3.97,2.93,0.82,14,726,44
2021,Leicester,Non-member,East Midlands,2014,94,133,779,78.9,74.9,3.99,2.93,0.82,13.7,709,38
2022,Leicester,Non-member,East Midlands,13.8,90.5,130,2014,779,74,3.96,2.93,0.82,75.5,682,40
2023,Leicester,Non-member,East Midlands,13.7,93.1,129,2356,716,71.2,3.9,3.3,0.63,74.4,711,29
2018,Manchester,Member,North West,1748,93.1,431,650,78.4,82.1,4.02,3.16,0.78,13.3,808,22
2019,Manchester,Member,North West,2030,93.1,169,686,81.7,82.4,,3.16,0.78,13.4,792,18
2020,Manchester,Member,North West,2365,92.9,168,691,83.1,80.4,3.98,3.16,0.78,13.3,827,15
2021,Manchester,Member,North West,2542,93.5,167,692,82.9,80.4,3.98,3.16,0.78,13.1,803,17
2022,Manchester,Member,North West,13.1,93,165,2542,692,81.3,3.95,3.16,0.78,82.6,794,13
2023,Manchester,Member,North West,14.3,95.6,165,2371,621,78.4,3.71,3.47,0.66,76.2,763,17
2018,Newcastle,Member,North East,1466,94,423,466,81,82.5,4.15,3.09,0.8,14.6,805,23
2019,Newcastle,Member,North East,1579,94.8,161,471,81.3,81.5,4.09,3.09,0.8,13.8,763,22
2020,Newcastle,Member,North East,1657,95,160,480,81.3,85.8,4.03,3.09,0.8,14.2,800,22
2021,Newcastle,Member,North East,1790,95.1,152,530,82,85.8,4.02,3.09,0.8,14.2,764,23
2022,Newcastle,Member,North East,14.9,94,144,1790,530,78.4,3.96,3.09,0.8,79.4,695,37
2023,Newcastle,Member,North East,14.7,95.4,148,1932,567,73.8,3.67,3.29,0.7,74.5,682,36
2022,West Scotland,Non-member,Scotland,20.9,78.1,133,1757,467,69.5,4.06,2.36,0.22,75.6,476,103
2023,West Scotland,Non-member,Scotland,23.5,78.7,140,1703,460,65.5,3.75,2.48,0.45,72.3,369,125
2018,West Scotland,Non-member,Scotland,1286,80.1,333,362,70.2,69.6,4.15,2.36,0.22,20.2,564,100
2019,West Scotland,Non-member,Scotland,1462,80.8,138,382,70.3,71.7,4,2.36,0.22,22.1,464,114
2020,West Scotland,Non-member,Scotland,1643,80.8,136,416,71.3,80.2,4.08,2.36,0.22,22.4,567,104
2021,West Scotland,Non-member,Scotland,1757,78.6,128,467,70.9,80.2,4.06,2.36,0.22,22.6,477,109
2018,Plymouth,Non-member,South West,1184,84.5,325,455,70.6,68.3,4.06,2.74,0.5,16.1,622,77
2019,Plymouth,Non-member,South West,1276,85.1,129,466,73,71.3,4.05,2.74,0.5,15.9,569,77
2020,Plymouth,Non-member,South West,1464,83.6,135,466,70.9,73.5,4.1,2.74,0.5,16.2,628,77
2021,Plymouth,Non-member,South West,1736,83.5,132,521,73.7,73.5,4.09,2.74,0.5,16.2,591,71
2022,Plymouth,Non-member,South West,17.1,83.9,129,1736,521,74.8,4.09,2.74,0.5,78,577,69
2023,Plymouth,Non-member,South West,17.3,87.9,132,1900,542,70.9,3.89,3.01,0.45,76.1,581,64
2018,Reading,Non-member,South East,1641,91.5,367,509,81.2,73.5,4.08,3.03,0.83,14.4,791,27
2019,Reading,Non-member,South East,1753,92.1,138,599,79.1,75.2,3.98,3.03,0.83,15,724,32
2020,Reading,Non-member,South East,1761,92.9,132,718,81.7,75.8,3.85,3.03,0.83,15.8,746,40
2021,Reading,Non-member,South East,1890,91.3,126,844,81.9,75.8,3.92,3.03,0.83,15.8,706,39
2022,Reading,Non-member,South East,16.4,91.4,124,1890,844,76.9,3.96,3.03,0.83,78.4,696,36
2023,Reading,Non-member,South East,16.6,94,129,1911,855,74.6,3.76,3.24,0.63,76,704,31
2018,St Andrews,Non-member,Scotland,2034,96.4,525,582,91.1,83.3,4.38,3.13,0.82,11.6,962,3
2019,St Andrews,Non-member,Scotland,1970,96,206,660,90.1,81.6,4.32,3.13,0.82,11.6,928,5
2020,St Andrews,Non-member,Scotland,2211,96.3,207,719,89.8,79.7,4.26,3.13,0.82,11.7,944,3
2021,St Andrews,Non-member,Scotland,2650,95,211,746,89.3,79.7,4.34,3.13,0.82,11.2,959,3
2022,St Andrews,Non-member,Scotland,11.1,95.7,208,2650,746,79.9,4.3,3.13,0.82,79.6,947,4
2023,St Andrews,Non-member,Scotland,11.8,96.3,209,2803,705,78.6,4.26,3.31,0.71,80.1,927,4
2018,Stirling,Non-member,Scotland,988,87.1,372,690,81.3,77.1,4.05,2.96,0.74,15.8,749,39
2019,Stirling,Non-member,Scotland,1027,85.5,158,762,79.5,73.9,3.99,2.96,0.74,15.5,687,40
2020,Stirling,Non-member,Scotland,1029,86.7,162,757,76.3,78.2,3.97,2.96,0.74,16.4,732,43
2021,Stirling,Non-member,Scotland,1079,81.4,162,847,76.3,78.2,3.98,2.96,0.74,16.2,680,45
2022,Stirling,Non-member,Scotland,15.8,83.9,163,1079,847,70.9,4.05,2.96,0.74,76,686,38
2023,Stirling,Non-member,Scotland,18.6,89.9,169,1030,842,66.4,3.93,3.11,0.67,73.9,631,50
2018,Strathclyde,Non-member,Scotland,1425,88,480,354,79.2,76.3,4.03,3.04,0.84,19.7,724,45
2019,Strathclyde,Non-member,Scotland,1364,86.5,201,385,82,80,3.99,3.04,0.84,19.8,687,40
2020,Strathclyde,Non-member,Scotland,1355,88.4,198,454,83.4,79.7,3.95,3.04,0.84,19.5,747,39
2021,Strathclyde,Non-member,Scotland,1448,87.8,199,489,84.9,79.7,4.01,3.04,0.84,19.5,720,35
2022,Strathclyde,Non-member,Scotland,18.9,89.6,198,1448,489,81,4.02,3.04,0.84,79.5,715,30
2023,Strathclyde,Non-member,Scotland,19.1,94.2,207,1541,498,76.7,3.97,3.29,0.65,75.2,698,32
2018,Sussex,Non-member,South East,1658,92.7,366,856,78.5,85.9,4.09,3.01,0.73,16.3,818,19
2019,Sussex,Non-member,South East,1620,91.6,146,847,75.9,80.2,4.05,3.01,0.73,16.4,746,25
2020,Sussex,Non-member,South East,1626,90.7,148,872,75.6,80.4,3.91,3.01,0.73,15.8,768,32
2021,Sussex,Non-member,South East,1604,89.9,143,864,75.3,80.4,3.95,3.01,0.73,17.4,699,40
2022,Sussex,Non-member,South East,17.4,92.2,137,1604,864,70.6,3.91,3.01,0.73,74.3,671,41
2023,Sussex,Non-member,South East,17.3,92.4,135,1544,873,66.8,3.78,3.29,0.69,66.4,665,41
2018,Ulster,Non-member,Northern Ireland,1286,83.5,321,558,71.6,65.1,4.15,2.91,0.84,18.8,640,71
2019,Ulster,Non-member,Northern Ireland,1320,82.9,126,577,73.5,67.3,4.06,2.91,0.84,17.1,578,73
2020,Ulster,Non-member,Northern Ireland,1480,83.4,128,632,76,70.9,4.14,2.91,0.84,17.4,676,58
2021,Ulster,Non-member,Northern Ireland,1664,80.4,129,700,78.6,70.9,4.13,2.91,0.84,18.1,627,60
2022,Ulster,Non-member,Northern Ireland,18.9,87,127,1664,700,74.5,4.06,2.91,0.84,78.1,644,44
2023,Ulster,Non-member,Northern Ireland,20.3,90.5,131,1665,661,70.3,3.98,3.2,0.55,74.8,642,44
2018,Bishop G'teste,Non-member,East Midlands,600,91.6,282,609,69.2,67.1,4.21,1.96,0.17,22.3,517,115
2019,Bishop G'teste,Non-member,East Midlands,858,91.6,110,717,66.4,69.8,4.02,1.96,0.17,22,411,120
2020,Bishop G'teste,Non-member,East Midlands,1165,90.1,110,837,69,72.7,3.94,1.96,0.17,20.2,507,119
2021,Bishop G'teste,Non-member,East Midlands,1430,88.9,108,972,70.7,72.7,4.01,1.96,0.17,18.4,486,106
2022,Bishop G'teste,Non-member,East Midlands,19.1,88.1,105,1430,972,68.4,4.12,1.96,0.17,81.4,404,122
2023,Bishop G'teste,Non-member,East Midlands,19.8,89.4,102,1276,855,67.2,3.84,1.92,0.39,77.2,421,118
2018,Cardiff,Member,Wales,1417,93,399,630,79.1,72.3,4.04,3.27,0.62,12.9,765,37
2019,Cardiff,Member,Wales,1504,92.3,154,665,78.9,79.2,3.99,3.27,0.62,13.5,723,33
2020,Cardiff,Member,Wales,1584,91.8,158,694,83.3,81.9,3.99,3.27,0.62,14.1,786,26
2021,Cardiff,Member,Wales,1698,91.8,153,709,81.8,81.9,3.99,3.27,0.62,14.3,739,30
2022,Cardiff,Member,Wales,13.7,91.8,144,1698,709,82.5,3.94,3.27,0.62,82.1,725,25
2023,Cardiff,Member,Wales,14.5,94.8,148,1711,704,79.5,3.73,3.36,0.59,78.8,719,26
2018,Edge Hill,Non-member,North West,1494,84.2,325,622,69.4,70.8,4.22,2.22,0.27,14.2,656,64
2019,Edge Hill,Non-member,North West,1460,85.4,131,677,71.9,70,4.07,2.22,0.27,15.2,580,71
2020,Edge Hill,Non-member,North West,1567,85.1,133,739,74,76.9,4.11,2.22,0.27,14.1,676,58
2021,Edge Hill,Non-member,North West,1638,84.2,130,892,71.3,76.9,4.1,2.22,0.27,14,624,62
2022,Edge Hill,Non-member,North West,14.3,86.2,130,1638,892,68.8,3.99,2.22,0.27,75.9,600,60
2023,Edge Hill,Non-member,North West,15.5,87.7,128,1584,890,63.4,3.87,2.67,0.32,71.2,581,64
2018,Newman,Non-member,West Midlands,1200,78.6,292,366,62.8,67.1,4.05,2.13,0.2,16.1,523,113
2019,Newman,Non-member,West Midlands,1245,77.8,119,357,65.3,62.3,3.97,2.13,0.2,16,414,119
2020,Newman,Non-member,West Midlands,1334,76.6,117,343,60.9,64.2,4.02,2.13,0.2,14.5,475,125
2021,Newman,Non-member,West Midlands,1360,78.1,109,336,66.8,64.2,4.12,2.13,0.2,17.1,417,120
2022,Newman,Non-member,West Midlands,17.7,75.4,102,1360,336,59.8,4.18,2.13,0.2,77.9,418,121
2023,Newman,Non-member,West Midlands,18,79.7,109,1486,341,59.6,3.97,2.03,0.43,72.8,402,122
2022,Glyndwr,Non-member,Wales,21.9,73.3,102,1334,559,62.9,4.14,2.15,0.16,68.6,364,128
2023,Glyndwr,Non-member,Wales,24.9,75.6,107,972,398,59.1,4.1,2.19,0.32,70.3,320,127
2018,Glyndwr,Non-member,Wales,1362,67.6,247,437,64,58.2,4.19,2.15,0.16,20.9,412,128
2019,Glyndwr,Non-member,Wales,1238,71.1,101,491,66.6,62.3,4.06,2.15,0.16,19.2,357,127
2020,Glyndwr,Non-member,Wales,1193,74.7,94,495,70.4,63.1,4,2.15,0.16,21.2,417,130
2021,Glyndwr,Non-member,Wales,1334,74.2,100,559,71,63.1,4.02,2.15,0.16,19.4,380,126
2018,Cumbria,Non-member,North West,1024,84.1,295,501,61.2,65.5,3.99,2.13,0.08,17.8,476,123
2019,Cumbria,Non-member,North West,1108,83.6,118,508,61.1,68,3.87,2.13,0.08,16.7,381,123
2020,Cumbria,Non-member,North West,1248,82.7,123,458,67.4,72.4,3.92,2.13,0.08,16.8,502,120
2021,Cumbria,Non-member,North West,1407,82.8,118,380,63.9,72.4,3.96,2.13,0.08,15.7,430,117
2022,Cumbria,Non-member,North West,16.6,81.8,120,1407,380,72.2,4.03,2.13,0.08,81.8,485,100
2023,Cumbria,Non-member,North West,18.7,85,120,1227,319,66.3,3.81,2.3,0.25,75.3,421,118
2022,St Mary Tw'ham,Non-member,London,18,81.1,104,1076,756,68.8,4.09,1.98,0.23,76.8,459,111
2023,St Mary Tw'ham,Non-member,London,16,74.2,112,1164,776,65.6,4.07,2.72,0.47,72.4,531,87
2018,St Mary Tw'ham,Non-member,London,891,80.5,307,485,59.7,70,4.07,1.98,0.23,17.9,499,120
2019,St Mary Tw'ham,Non-member,London,962,79.9,119,587,72.2,73.8,4.08,1.98,0.23,15.7,502,104
2020,St Mary Tw'ham,Non-member,London,1067,81,118,751,75.3,72.3,4.13,1.98,0.23,16,584,97
2021,St Mary Tw'ham,Non-member,London,1076,82.8,109,756,75.1,72.3,4.07,1.98,0.23,18,479,107
2018,Chester,Non-member,North West,1660,80.8,303,735,64,64.2,4.13,2.08,0.29,13.5,589,91
2019,Chester,Non-member,North West,1728,82.6,114,878,65.8,69.5,4.09,2.08,0.29,15.3,515,98
2020,Chester,Non-member,North West,1755,80.5,113,1007,69.7,70.1,4.1,2.08,0.29,15.5,577,101
2021,Chester,Non-member,North West,1917,79.8,116,971,71.5,70.1,4.09,2.08,0.29,15.1,540,94
2022,Chester,Non-member,North West,14.7,81,117,1917,971,65.8,4.12,2.08,0.29,76.1,564,72
2023,Chester,Non-member,North West,15.1,87.3,123,2000,869,66.3,3.84,2.5,0.48,72.6,594,60
2018,Abertay,Non-member,Scotland,1065,77,379,797,69.9,68.4,4.12,2.16,0.36,19.9,599,88
2019,Abertay,Non-member,Scotland,1147,74.9,155,812,70.4,66.1,4.03,2.16,0.36,18.5,513,99
2020,Abertay,Non-member,Scotland,1161,77.5,137,705,65.8,73.4,4.02,2.16,0.36,19.6,569,103
2021,Abertay,Non-member,Scotland,1093,74.3,144,686,75.8,73.4,4.2,2.16,0.36,21.2,531,96
2022,Abertay,Non-member,Scotland,22.4,73.6,140,1093,686,62.2,4.23,2.16,0.36,70.6,463,109
2023,Abertay,Non-member,Scotland,24.2,81.8,150,1023,645,64.3,3.95,2.66,0.64,70.1,477,108
2018,Bath,Non-member,South West,1703,94.8,479,468,85.9,84.9,4.16,3.17,0.74,15.7,868,11
2019,Bath,Non-member,South West,1792,95.1,186,505,86.2,85.2,4.11,3.17,0.74,15.8,836,11
2020,Bath,Non-member,South West,1832,96.6,183,552,88.3,87.4,4.05,3.17,0.74,15.6,882,9
2021,Bath,Non-member,South West,1913,96.2,174,703,89,87.4,4.09,3.17,0.74,14.9,871,9
2022,Bath,Non-member,South West,15.1,96,168,1913,703,88.2,4.06,3.17,0.74,85.6,840,10
2023,Bath,Non-member,South West,15.4,96.5,177,1930,790,85.8,3.99,3.31,0.73,81.6,867,8
2018,Derby,Non-member,East Midlands,1362,82.2,289,457,67,63.6,4.14,2.07,0.19,14.8,576,97
2019,Derby,Non-member,East Midlands,1403,82.2,119,467,66.5,73.8,4.09,2.07,0.19,15.1,530,89
2020,Derby,Non-member,East Midlands,1432,79.1,122,466,65.7,75.8,4.11,2.07,0.19,14.5,584,97
2021,Derby,Non-member,East Midlands,1461,78.4,118,441,66.9,75.8,4.07,2.07,0.19,14.6,521,99
2022,Derby,Non-member,East Midlands,14.7,78.5,116,1461,441,65.2,4.11,2.07,0.19,74.7,506,96
2023,Derby,Non-member,East Midlands,15.8,83.2,123,1362,394,62.8,3.95,2.52,0.25,71.4,523,91
2018,Dundee,Non-member,Scotland,1478,87.7,403,405,82.7,80.9,4.24,3.03,0.68,13.2,786,30
2019,Dundee,Non-member,Scotland,1567,87,177,399,81.2,85.3,4.15,3.03,0.68,14.5,730,31
2020,Dundee,Non-member,Scotland,1826,88.5,168,513,78.9,81.4,4.16,3.03,0.68,13.9,772,31
2021,Dundee,Non-member,Scotland,1881,87.7,177,597,76.8,81.4,4.17,3.03,0.68,14.3,736,31
2022,Dundee,Non-member,Scotland,14.5,89,179,1881,597,81.2,4.1,3.03,0.68,83.1,721,28
2023,Dundee,Non-member,Scotland,14.9,90.2,180,1850,638,73.8,3.87,3.23,0.41,76.1,632,49
2018,Cardiff Met,Non-member,Wales,1522,80.9,322,751,63.7,70,3.98,3,0.09,17.2,646,67
2019,Cardiff Met,Non-member,Wales,1779,79.4,126,772,65.2,62.9,4.07,3,0.09,16.5,569,77
2020,Cardiff Met,Non-member,Wales,1766,79.6,122,754,67.4,65.5,3.98,3,0.09,18.8,593,96
2021,Cardiff Met,Non-member,Wales,1774,80.1,128,772,70.6,65.5,4.08,3,0.09,18.1,573,87
2022,Cardiff Met,Non-member,Wales,18.5,78.9,124,1774,772,68.2,4.08,3,0.09,78.6,595,63
2023,Cardiff Met,Non-member,Wales,18.1,82.1,124,1685,750,64.4,3.86,2.83,0.28,72,562,72
2018,Swansea,Non-member,Wales,1477,89.6,317,554,78,80.3,4.11,3.09,0.71,15.2,725,44
2019,Swansea,Non-member,Wales,1521,90.1,129,635,77.8,82.2,4.09,3.09,0.71,15.4,690,39
2020,Swansea,Non-member,Wales,1558,90.8,130,695,78,85.3,4.08,3.09,0.71,15.4,756,35
2021,Swansea,Non-member,Wales,1558,89.1,130,687,79.1,85.3,4.09,3.09,0.71,15,732,32
2022,Swansea,Non-member,Wales,14.8,89.4,132,1558,687,79.6,4.08,3.09,0.71,78.9,720,29
2023,Swansea,Non-member,Wales,16.2,91,131,1485,609,71.5,3.95,3.2,0.47,73.3,651,42
2018,Aberystwyth,Non-member,Wales,1409,85,296,531,68.5,67.9,4.2,2.84,0.76,16.4,645,68
2019,Aberystwyth,Non-member,Wales,1506,83.2,120,472,67.3,74,4.23,2.84,0.76,16.6,600,65
2020,Aberystwyth,Non-member,Wales,1480,81.6,120,414,69,77.7,4.24,2.84,0.76,16.9,644,71
2021,Aberystwyth,Non-member,Wales,1932,82.8,124,435,70.7,77.7,4.31,2.84,0.76,16.8,642,58
2022,Aberystwyth,Non-member,Wales,16,85,118,1932,435,63,4.29,2.84,0.76,70.5,605,58
2023,Aberystwyth,Non-member,Wales,15.6,85.6,125,2367,473,61.2,4.09,3,0.69,67.2,615,53
2018,Bangor,Non-member,Wales,1107,85.4,338,509,66.7,66.1,4.23,2.99,0.63,16.2,654,65
2019,Bangor,Non-member,Wales,1118,88.2,132,547,69.3,68.7,4.19,2.99,0.63,16.7,610,62
2020,Bangor,Non-member,Wales,1141,84.2,125,602,71.4,67.4,4.16,2.99,0.63,17,619,83
2021,Bangor,Non-member,Wales,1256,83.7,123,725,72,67.4,4.17,2.99,0.63,15.7,589,72
2022,Bangor,Non-member,Wales,15.9,81.3,119,1256,725,69.5,4.09,2.99,0.63,74,590,65
2023,Bangor,Non-member,Wales,15.1,84.2,122,1376,849,61.8,3.87,3.23,0.46,67.1,584,63
2018,Trinity St David,Non-member,Wales,1215,78.9,294,816,66.7,43.6,4.12,2.39,0.12,15.3,501,119
2019,Trinity St David,Non-member,Wales,1124,78.2,113,772,69,52.7,4.12,2.39,0.12,15,458,115
2020,Trinity St David,Non-member,Wales,1194,77.2,111,752,72.9,66,4.18,2.39,0.12,14.9,576,102
2021,Trinity St David,Non-member,Wales,1140,77,137,587,73.5,66,4.16,2.39,0.12,16.3,551,91
2022,Trinity St David,Non-member,Wales,18.8,78.7,135,1140,587,53.4,4.19,2.39,0.12,70.5,476,103
2023,Trinity St David,Non-member,Wales,21.1,75.7,139,1096,401,55.2,3.97,2.5,0.1,69.1,419,120
2018,Falmouth,Non-member,South West,1031,86.5,318,343,73.4,79.3,4.14,2.04,0.33,17.7,662,63
2019,Falmouth,Non-member,South West,906,88.3,120,360,72.6,71.6,4.06,2.04,0.33,18.4,527,90
2020,Falmouth,Non-member,South West,1025,86.8,130,421,78,76.9,4.01,2.04,0.33,18.3,628,77
2021,Falmouth,Non-member,South West,1152,86.9,125,452,76.4,76.9,4.06,2.04,0.33,17.3,579,77
2022,Falmouth,Non-member,South West,15.3,84.7,122,1152,452,58.5,4.08,2.04,0.33,65.5,488,99
2023,Falmouth,Non-member,South West,14.8,84.7,127,1528,511,52.7,3.88,3.17,0.2,63.1,565,70
2018,Suffolk,Non-member,East of England,543,72.5,276,141,56.9,60.4,4.04,,,19.2,337,129
2019,Suffolk,Non-member,East of England,1814,69.5,118,476,66.2,65.5,3.96,,,17.6,354,128
2020,Suffolk,Non-member,East of England,1905,72.2,116,490,66.8,64.2,3.9,,,18.1,421,129
2021,Suffolk,Non-member,East of England,1961,72.4,103,478,71,64.2,4,,,16.7,360,129
2022,Suffolk,Non-member,East of England,16.5,65,110,1961,478,74.4,3.96,,,80.9,395,126
2023,Suffolk,Non-member,East of England,15,66.7,110,2165,531,73.4,3.85,2.69,0.12,77.3,495,100
2018,Marjon,Non-member,South West,776,80.8,336,1167,58.2,62.8,4.13,,,21.3,447,126
2019,Marjon,Non-member,South West,817,84.1,125,1094,65.5,59.9,4.08,,,22.7,336,130
2020,Marjon,Non-member,South West,1049,78.3,120,1185,77.1,63.6,4.23,,,22.2,470,127
2021,Marjon,Non-member,South West,996,79,111,720,73.8,63.6,4.23,,,20.5,363,128
2022,Marjon,Non-member,South West,16.4,78.3,115,996,720,66.9,4.18,,,83,444,116
2023,Marjon,Non-member,South West,19.2,83.3,118,618,350,58.7,4.08,2.49,0.29,72.4,457,113
2018,Harper Adams,Non-member,West Midlands,1521,86.7,338,1575,61.4,72.5,4.23,2.66,0.23,15.1,723,46
2019,Harper Adams,Non-member,West Midlands,1571,90.3,128,1598,66.2,68.9,4.18,2.66,0.23,15.7,652,48
2020,Harper Adams,Non-member,West Midlands,1860,91.3,134,1908,74.4,72.5,4.09,2.66,0.23,13.7,785,27
2021,Harper Adams,Non-member,West Midlands,1891,87.6,124,1939,73,72.5,4.1,2.66,0.23,14.8,684,41
2022,Harper Adams,Non-member,West Midlands,14.2,91.8,121,1891,1939,69.8,4.13,2.66,0.23,87.5,711,33
2023,Harper Adams,Non-member,West Midlands,13.8,92.9,128,2004,2083,74.3,3.94,2.61,0.25,83.8,711,29
